system,chain,mean_PCC_half_excl,mean_PCC_replica_excl,mean_RMSD_replica_excl,mean_RMSF_100_500_excl,mean_PCC_half_noexcl,mean_PCC_replica_noexcl,mean_RMSD_replica_noexcl,mean_RMSF_100_500_noexcl
E105K_rw,A,0.9515,0.9581,0.0371,0.4616,0.9515,0.9581,0.0371,0.4616
E105K_rw,B,0.9222,0.8870,0.0493,0.4388,0.9222,0.8870,0.0493,0.4388
E50K_rw,A,0.9206,0.9178,0.0439,0.4698,0.9206,0.9178,0.0439,0.4698
E50K_rw,B,0.8444,0.8680,0.1346,0.4453,0.8444,0.8680,0.1346,0.4453
E56K_rw,C,0.7534,0.8039,0.2513,0.6717,0.7534,0.8039,0.2513,0.6717
E56K_rw,D,0.8236,0.7167,0.2281,0.5973,0.8236,0.7167,0.2281,0.5973
E73K_rw,A,0.8795,0.8875,0.0678,0.4980,0.8795,0.8875,0.0678,0.4980
E73K_rw,B,0.8563,0.7589,0.0795,0.4657,0.8563,0.7589,0.0795,0.4657
F70L_rw,C,0.8208,0.8707,0.1439,0.6235,0.8270,0.8728,0.1431,0.6235
F70L_rw,D,0.8577,0.7858,0.1451,0.5635,0.8615,0.7855,0.1459,0.5633
K74N_rw,C,0.8869,0.8399,0.1495,0.6481,0.8561,0.9225,0.1128,0.6603
K74N_rw,D,0.8555,0.8558,0.0857,0.5564,0.8538,0.8692,0.0790,0.5563
R29Q_rw,C,0.8646,0.5681,0.5425,0.7157,0.8646,0.5681,0.5425,0.7157
R29Q_rw,D,0.6413,0.5650,0.2503,0.5846,0.6413,0.5650,0.2503,0.5846
