system,chain,histone,n_runs,mean_PCC,mean_SEM,min_SEM,max_SEM,mean_RMSF,SEM_over_mean_RMSF
H2A_R29Q_rw,C,H2A,3,0.5681,0.1744,0.0313,0.9949,0.8033,0.2171
H2A_R29Q_rw,D,H2B,3,0.5650,0.0563,0.0037,0.5845,0.6354,0.0886
H2A_E56K_rw,C,H2A,3,0.8039,0.0732,0.0053,0.4504,0.7249,0.1009
H2A_E56K_rw,D,H2B,3,0.7167,0.0816,0.0138,0.3004,0.6578,0.1240
H2A_K74N_rw,C,H2A,3,0.9225,0.0348,0.0040,0.1566,0.7068,0.0492
H2A_K74N_rw,D,H2B,3,0.8692,0.0263,0.0048,0.1641,0.5892,0.0446
H2B_E105K_rw,C,H2A,3,0.6955,0.0506,0.0009,0.5585,0.6477,0.0781
H2B_E105K_rw,D,H2B,3,0.8326,0.0401,0.0063,0.2400,0.5963,0.0672
H2B_F70L_rw,C,H2A,3,0.8728,0.0403,0.0025,0.3051,0.6455,0.0624
H2B_F70L_rw,D,H2B,3,0.7855,0.0512,0.0117,0.2863,0.6073,0.0843
H3_E50K_rw,A,H3,3,0.9178,0.0147,0.0008,0.0550,0.4810,0.0306
H3_E50K_rw,B,H4,3,0.8680,0.0230,0.0011,0.3967,0.4616,0.0498
H3_E73K_rw,A,H3,3,0.8875,0.0225,0.0017,0.1005,0.5155,0.0436
H3_E73K_rw,B,H4,3,0.7589,0.0241,0.0029,0.1031,0.4863,0.0496
H3_E105K_rw,A,H3,3,0.9581,0.0112,0.0010,0.0612,0.4690,0.0240
H3_E105K_rw,B,H4,3,0.8870,0.0159,0.0001,0.0703,0.4487,0.0355
WT_rw,A,H3,3,0.9334,0.0149,0.0010,0.0607,0.4808,0.0310
WT_rw,B,H4,3,0.8782,0.0150,0.0014,0.0806,0.4557,0.0329
WT_rw,C,H2A,3,0.7593,0.0457,0.0011,0.3657,0.6548,0.0698
WT_rw,D,H2B,3,0.8540,0.0353,0.0068,0.1365,0.5768,0.0611
