system,chain,histone,pair,trim,n_residues,PCC,RMSD,mean_run1,mean_run2,delta_mean
WT_rw,A,H3,run1_vs_run2,N5_C5,87,0.9637,0.0351,0.4832,0.4632,-0.0200
WT_rw,A,H3,run1_vs_run3,N5_C5,87,0.9165,0.0449,0.4832,0.4959,0.0127
WT_rw,A,H3,run2_vs_run3,N5_C5,87,0.9200,0.0523,0.4632,0.4959,0.0327
WT_rw,B,H4,run1_vs_run2,N5_C5,68,0.8378,0.0544,0.4571,0.4498,-0.0073
WT_rw,B,H4,run1_vs_run3,N5_C5,68,0.8951,0.0485,0.4571,0.4602,0.0031
WT_rw,B,H4,run2_vs_run3,N5_C5,68,0.9016,0.0496,0.4498,0.4602,0.0104
WT_rw,C,H2A,run1_vs_run2,N5_C5,95,0.6842,0.2305,0.6542,0.7016,0.0474
WT_rw,C,H2A,run1_vs_run3,N5_C5,95,0.8262,0.1490,0.6542,0.6086,-0.0456
WT_rw,C,H2A,run2_vs_run3,N5_C5,95,0.7674,0.2199,0.7016,0.6086,-0.0930
WT_rw,D,H2B,run1_vs_run2,N5_C5,86,0.8027,0.1042,0.5648,0.6322,0.0674
WT_rw,D,H2B,run1_vs_run3,N5_C5,86,0.8757,0.0641,0.5648,0.5334,-0.0313
WT_rw,D,H2B,run2_vs_run3,N5_C5,86,0.8837,0.1168,0.6322,0.5334,-0.0988
R29Q_rw,C,H2A,run1_vs_run2,N5_C5,95,0.5722,0.6732,0.6681,1.1261,0.4580
R29Q_rw,C,H2A,run1_vs_run3,N5_C5,95,0.6355,0.2283,0.6681,0.6157,-0.0523
R29Q_rw,C,H2A,run2_vs_run3,N5_C5,95,0.4967,0.7260,1.1261,0.6157,-0.5103
R29Q_rw,D,H2B,run1_vs_run2,N5_C5,86,0.8298,0.2001,0.7043,0.6510,-0.0533
R29Q_rw,D,H2B,run1_vs_run3,N5_C5,86,0.2524,0.3565,0.7043,0.5510,-0.1533
R29Q_rw,D,H2B,run2_vs_run3,N5_C5,86,0.6127,0.1942,0.6510,0.5510,-0.1000
E56K_rw,C,H2A,run1_vs_run2,N5_C5,95,0.8374,0.1611,0.6600,0.6775,0.0175
E56K_rw,C,H2A,run1_vs_run3,N5_C5,95,0.8679,0.2775,0.6600,0.8372,0.1772
E56K_rw,C,H2A,run2_vs_run3,N5_C5,95,0.7064,0.3154,0.6775,0.8372,0.1597
E56K_rw,D,H2B,run1_vs_run2,N5_C5,86,0.7552,0.1062,0.5719,0.5906,0.0186
E56K_rw,D,H2B,run1_vs_run3,N5_C5,86,0.6813,0.2999,0.5719,0.8109,0.2390
E56K_rw,D,H2B,run2_vs_run3,N5_C5,86,0.7136,0.2783,0.5906,0.8109,0.2204
K74N_rw,C,H2A,run1_vs_run2,N5_C5,95,0.9272,0.1095,0.7014,0.7142,0.0128
K74N_rw,C,H2A,run1_vs_run3,N5_C5,95,0.9055,0.1258,0.7014,0.7049,0.0035
K74N_rw,C,H2A,run2_vs_run3,N5_C5,95,0.9349,0.1032,0.7142,0.7049,-0.0093
K74N_rw,D,H2B,run1_vs_run2,N5_C5,86,0.8913,0.0703,0.6047,0.5938,-0.0109
K74N_rw,D,H2B,run1_vs_run3,N5_C5,86,0.8646,0.0821,0.6047,0.5691,-0.0356
K74N_rw,D,H2B,run2_vs_run3,N5_C5,86,0.8517,0.0845,0.5938,0.5691,-0.0247
F70L_rw,C,H2A,run1_vs_run2,N5_C5,95,0.8914,0.1329,0.6417,0.6978,0.0561
F70L_rw,C,H2A,run1_vs_run3,N5_C5,95,0.7874,0.1590,0.6417,0.5970,-0.0447
F70L_rw,C,H2A,run2_vs_run3,N5_C5,95,0.9395,0.1374,0.6978,0.5970,-0.1007
F70L_rw,D,H2B,run1_vs_run2,N5_C5,86,0.8030,0.1190,0.6687,0.6246,-0.0441
F70L_rw,D,H2B,run1_vs_run3,N5_C5,86,0.7272,0.1914,0.6687,0.5287,-0.1400
F70L_rw,D,H2B,run2_vs_run3,N5_C5,86,0.8263,0.1274,0.6246,0.5287,-0.0958
E50K_rw,A,H3,run1_vs_run2,N5_C5,87,0.8953,0.0508,0.4664,0.4882,0.0218
E50K_rw,A,H3,run1_vs_run3,N5_C5,87,0.9112,0.0480,0.4664,0.4885,0.0221
E50K_rw,A,H3,run2_vs_run3,N5_C5,87,0.9470,0.0330,0.4882,0.4885,0.0003
E50K_rw,B,H4,run1_vs_run2,N5_C5,68,0.9243,0.1326,0.4456,0.4912,0.0456
E50K_rw,B,H4,run1_vs_run3,N5_C5,68,0.8503,0.0864,0.4456,0.4479,0.0023
E50K_rw,B,H4,run2_vs_run3,N5_C5,68,0.8294,0.1848,0.4912,0.4479,-0.0433
E73K_rw,A,H3,run1_vs_run2,N5_C5,87,0.9407,0.0509,0.5015,0.5138,0.0123
E73K_rw,A,H3,run1_vs_run3,N5_C5,87,0.8679,0.0745,0.5015,0.5312,0.0297
E73K_rw,A,H3,run2_vs_run3,N5_C5,87,0.8539,0.0779,0.5138,0.5312,0.0173
E73K_rw,B,H4,run1_vs_run2,N5_C5,68,0.8863,0.0552,0.4678,0.4893,0.0215
E73K_rw,B,H4,run1_vs_run3,N5_C5,68,0.6587,0.0993,0.4678,0.5019,0.0341
E73K_rw,B,H4,run2_vs_run3,N5_C5,68,0.7316,0.0840,0.4893,0.5019,0.0127
E105K_rw,A,H3,run1_vs_run2,N5_C5,87,0.9557,0.0396,0.4562,0.4764,0.0202
E105K_rw,A,H3,run1_vs_run3,N5_C5,87,0.9529,0.0414,0.4562,0.4744,0.0181
E105K_rw,A,H3,run2_vs_run3,N5_C5,87,0.9657,0.0303,0.4764,0.4744,-0.0021
E105K_rw,B,H4,run1_vs_run2,N5_C5,68,0.8986,0.0510,0.4445,0.4491,0.0046
E105K_rw,B,H4,run1_vs_run3,N5_C5,68,0.8354,0.0617,0.4445,0.4524,0.0079
E105K_rw,B,H4,run2_vs_run3,N5_C5,68,0.9272,0.0352,0.4491,0.4524,0.0034
