system,chain,histone,resid,SEM
H2A_R29Q_rw,C,H2A,181,0.1078
H2A_R29Q_rw,C,H2A,182,0.1173
H2A_R29Q_rw,C,H2A,183,0.1033
H2A_R29Q_rw,C,H2A,184,0.1221
H2A_R29Q_rw,C,H2A,185,0.0830
H2A_R29Q_rw,C,H2A,186,0.0662
H2A_R29Q_rw,C,H2A,187,0.0313
H2A_R29Q_rw,C,H2A,188,0.0599
H2A_R29Q_rw,C,H2A,189,0.0710
H2A_R29Q_rw,C,H2A,190,0.0925
H2A_R29Q_rw,C,H2A,191,0.1034
H2A_R29Q_rw,C,H2A,192,0.0859
H2A_R29Q_rw,C,H2A,193,0.0963
H2A_R29Q_rw,C,H2A,194,0.1317
H2A_R29Q_rw,C,H2A,195,0.1479
H2A_R29Q_rw,C,H2A,196,0.1373
H2A_R29Q_rw,C,H2A,197,0.1417
H2A_R29Q_rw,C,H2A,198,0.1602
H2A_R29Q_rw,C,H2A,199,0.1816
H2A_R29Q_rw,C,H2A,200,0.2415
H2A_R29Q_rw,C,H2A,201,0.2335
H2A_R29Q_rw,C,H2A,202,0.1687
H2A_R29Q_rw,C,H2A,203,0.2360
H2A_R29Q_rw,C,H2A,204,0.1828
H2A_R29Q_rw,C,H2A,205,0.1412
H2A_R29Q_rw,C,H2A,206,0.1525
H2A_R29Q_rw,C,H2A,207,0.0929
H2A_R29Q_rw,C,H2A,208,0.1058
H2A_R29Q_rw,C,H2A,209,0.1034
H2A_R29Q_rw,C,H2A,210,0.0692
H2A_R29Q_rw,C,H2A,211,0.0755
H2A_R29Q_rw,C,H2A,212,0.0947
H2A_R29Q_rw,C,H2A,213,0.0653
H2A_R29Q_rw,C,H2A,214,0.0376
H2A_R29Q_rw,C,H2A,215,0.0767
H2A_R29Q_rw,C,H2A,216,0.0800
H2A_R29Q_rw,C,H2A,217,0.0330
H2A_R29Q_rw,C,H2A,218,0.0537
H2A_R29Q_rw,C,H2A,219,0.1022
H2A_R29Q_rw,C,H2A,220,0.0883
H2A_R29Q_rw,C,H2A,221,0.0571
H2A_R29Q_rw,C,H2A,222,0.0968
H2A_R29Q_rw,C,H2A,223,0.1284
H2A_R29Q_rw,C,H2A,224,0.1043
H2A_R29Q_rw,C,H2A,225,0.1041
H2A_R29Q_rw,C,H2A,226,0.1569
H2A_R29Q_rw,C,H2A,227,0.1753
H2A_R29Q_rw,C,H2A,228,0.1502
H2A_R29Q_rw,C,H2A,229,0.1690
H2A_R29Q_rw,C,H2A,230,0.2191
H2A_R29Q_rw,C,H2A,231,0.2150
H2A_R29Q_rw,C,H2A,232,0.2031
H2A_R29Q_rw,C,H2A,233,0.2404
H2A_R29Q_rw,C,H2A,234,0.2601
H2A_R29Q_rw,C,H2A,235,0.2293
H2A_R29Q_rw,C,H2A,236,0.2362
H2A_R29Q_rw,C,H2A,237,0.2018
H2A_R29Q_rw,C,H2A,238,0.1916
H2A_R29Q_rw,C,H2A,239,0.1396
H2A_R29Q_rw,C,H2A,240,0.1145
H2A_R29Q_rw,C,H2A,241,0.0819
H2A_R29Q_rw,C,H2A,242,0.0610
H2A_R29Q_rw,C,H2A,243,0.1121
H2A_R29Q_rw,C,H2A,244,0.1273
H2A_R29Q_rw,C,H2A,245,0.0785
H2A_R29Q_rw,C,H2A,246,0.1237
H2A_R29Q_rw,C,H2A,247,0.1775
H2A_R29Q_rw,C,H2A,248,0.1442
H2A_R29Q_rw,C,H2A,249,0.1689
H2A_R29Q_rw,C,H2A,250,0.2969
H2A_R29Q_rw,C,H2A,251,0.3158
H2A_R29Q_rw,C,H2A,252,0.2982
H2A_R29Q_rw,C,H2A,253,0.2763
H2A_R29Q_rw,C,H2A,254,0.2306
H2A_R29Q_rw,C,H2A,255,0.1933
H2A_R29Q_rw,C,H2A,256,0.1962
H2A_R29Q_rw,C,H2A,257,0.1857
H2A_R29Q_rw,C,H2A,258,0.1437
H2A_R29Q_rw,C,H2A,259,0.1670
H2A_R29Q_rw,C,H2A,260,0.2089
H2A_R29Q_rw,C,H2A,261,0.3587
H2A_R29Q_rw,C,H2A,262,0.0790
H2A_R29Q_rw,C,H2A,263,0.1128
H2A_R29Q_rw,C,H2A,264,0.0746
H2A_R29Q_rw,C,H2A,265,0.0615
H2A_R29Q_rw,C,H2A,266,0.0876
H2A_R29Q_rw,C,H2A,267,0.0957
H2A_R29Q_rw,C,H2A,268,0.1475
H2A_R29Q_rw,C,H2A,269,0.2161
H2A_R29Q_rw,C,H2A,270,0.2901
H2A_R29Q_rw,C,H2A,271,0.2574
H2A_R29Q_rw,C,H2A,272,0.3728
H2A_R29Q_rw,C,H2A,273,0.9746
H2A_R29Q_rw,C,H2A,274,0.9949
H2A_R29Q_rw,C,H2A,275,0.9907
H2A_R29Q_rw,D,H2B,286,0.0403
H2A_R29Q_rw,D,H2B,287,0.0613
H2A_R29Q_rw,D,H2B,288,0.1201
H2A_R29Q_rw,D,H2B,289,0.0732
H2A_R29Q_rw,D,H2B,290,0.0909
H2A_R29Q_rw,D,H2B,291,0.0603
H2A_R29Q_rw,D,H2B,292,0.0287
H2A_R29Q_rw,D,H2B,293,0.0211
H2A_R29Q_rw,D,H2B,294,0.0217
H2A_R29Q_rw,D,H2B,295,0.0246
H2A_R29Q_rw,D,H2B,296,0.0215
H2A_R29Q_rw,D,H2B,297,0.0111
H2A_R29Q_rw,D,H2B,298,0.0151
H2A_R29Q_rw,D,H2B,299,0.0057
H2A_R29Q_rw,D,H2B,300,0.0286
H2A_R29Q_rw,D,H2B,301,0.0501
H2A_R29Q_rw,D,H2B,302,0.0158
H2A_R29Q_rw,D,H2B,303,0.0485
H2A_R29Q_rw,D,H2B,304,0.0396
H2A_R29Q_rw,D,H2B,305,0.0308
H2A_R29Q_rw,D,H2B,306,0.0482
H2A_R29Q_rw,D,H2B,307,0.0402
H2A_R29Q_rw,D,H2B,308,0.0452
H2A_R29Q_rw,D,H2B,309,0.0412
H2A_R29Q_rw,D,H2B,310,0.0588
H2A_R29Q_rw,D,H2B,311,0.0548
H2A_R29Q_rw,D,H2B,312,0.1718
H2A_R29Q_rw,D,H2B,313,0.2318
H2A_R29Q_rw,D,H2B,314,0.0858
H2A_R29Q_rw,D,H2B,315,0.0580
H2A_R29Q_rw,D,H2B,316,0.3429
H2A_R29Q_rw,D,H2B,317,0.5845
H2A_R29Q_rw,D,H2B,318,0.4554
H2A_R29Q_rw,D,H2B,319,0.2241
H2A_R29Q_rw,D,H2B,320,0.2085
H2A_R29Q_rw,D,H2B,321,0.1116
H2A_R29Q_rw,D,H2B,322,0.0959
H2A_R29Q_rw,D,H2B,323,0.0477
H2A_R29Q_rw,D,H2B,324,0.0252
H2A_R29Q_rw,D,H2B,325,0.0192
H2A_R29Q_rw,D,H2B,326,0.0315
H2A_R29Q_rw,D,H2B,327,0.0174
H2A_R29Q_rw,D,H2B,328,0.0217
H2A_R29Q_rw,D,H2B,329,0.0306
H2A_R29Q_rw,D,H2B,330,0.0216
H2A_R29Q_rw,D,H2B,331,0.0041
H2A_R29Q_rw,D,H2B,332,0.0133
H2A_R29Q_rw,D,H2B,333,0.0350
H2A_R29Q_rw,D,H2B,334,0.0352
H2A_R29Q_rw,D,H2B,335,0.0300
H2A_R29Q_rw,D,H2B,336,0.0578
H2A_R29Q_rw,D,H2B,337,0.0182
H2A_R29Q_rw,D,H2B,338,0.0471
H2A_R29Q_rw,D,H2B,339,0.0201
H2A_R29Q_rw,D,H2B,340,0.0178
H2A_R29Q_rw,D,H2B,341,0.0178
H2A_R29Q_rw,D,H2B,342,0.0187
H2A_R29Q_rw,D,H2B,343,0.0152
H2A_R29Q_rw,D,H2B,344,0.0063
H2A_R29Q_rw,D,H2B,345,0.0124
H2A_R29Q_rw,D,H2B,346,0.0090
H2A_R29Q_rw,D,H2B,347,0.0080
H2A_R29Q_rw,D,H2B,348,0.0156
H2A_R29Q_rw,D,H2B,349,0.0205
H2A_R29Q_rw,D,H2B,350,0.0041
H2A_R29Q_rw,D,H2B,351,0.0113
H2A_R29Q_rw,D,H2B,352,0.0121
H2A_R29Q_rw,D,H2B,353,0.0244
H2A_R29Q_rw,D,H2B,354,0.0360
H2A_R29Q_rw,D,H2B,355,0.0400
H2A_R29Q_rw,D,H2B,356,0.0780
H2A_R29Q_rw,D,H2B,357,0.0352
H2A_R29Q_rw,D,H2B,358,0.0091
H2A_R29Q_rw,D,H2B,359,0.0181
H2A_R29Q_rw,D,H2B,360,0.0037
H2A_R29Q_rw,D,H2B,361,0.0144
H2A_R29Q_rw,D,H2B,362,0.0103
H2A_R29Q_rw,D,H2B,363,0.0116
H2A_R29Q_rw,D,H2B,364,0.0155
H2A_R29Q_rw,D,H2B,365,0.0195
H2A_R29Q_rw,D,H2B,366,0.0241
H2A_R29Q_rw,D,H2B,367,0.0232
H2A_R29Q_rw,D,H2B,368,0.0230
H2A_R29Q_rw,D,H2B,369,0.0393
H2A_R29Q_rw,D,H2B,370,0.0555
H2A_R29Q_rw,D,H2B,371,0.0491
H2A_E56K_rw,C,H2A,181,0.0594
H2A_E56K_rw,C,H2A,182,0.2689
H2A_E56K_rw,C,H2A,183,0.2703
H2A_E56K_rw,C,H2A,184,0.1898
H2A_E56K_rw,C,H2A,185,0.4504
H2A_E56K_rw,C,H2A,186,0.3390
H2A_E56K_rw,C,H2A,187,0.2334
H2A_E56K_rw,C,H2A,188,0.0747
H2A_E56K_rw,C,H2A,189,0.0292
H2A_E56K_rw,C,H2A,190,0.0302
H2A_E56K_rw,C,H2A,191,0.0154
H2A_E56K_rw,C,H2A,192,0.0097
H2A_E56K_rw,C,H2A,193,0.0138
H2A_E56K_rw,C,H2A,194,0.0110
H2A_E56K_rw,C,H2A,195,0.0189
H2A_E56K_rw,C,H2A,196,0.0446
H2A_E56K_rw,C,H2A,197,0.0557
H2A_E56K_rw,C,H2A,198,0.0858
H2A_E56K_rw,C,H2A,199,0.1467
H2A_E56K_rw,C,H2A,200,0.2058
H2A_E56K_rw,C,H2A,201,0.0659
H2A_E56K_rw,C,H2A,202,0.0718
H2A_E56K_rw,C,H2A,203,0.2073
H2A_E56K_rw,C,H2A,204,0.0529
H2A_E56K_rw,C,H2A,205,0.0480
H2A_E56K_rw,C,H2A,206,0.0516
H2A_E56K_rw,C,H2A,207,0.0576
H2A_E56K_rw,C,H2A,208,0.0154
H2A_E56K_rw,C,H2A,209,0.0302
H2A_E56K_rw,C,H2A,210,0.0335
H2A_E56K_rw,C,H2A,211,0.0218
H2A_E56K_rw,C,H2A,212,0.0292
H2A_E56K_rw,C,H2A,213,0.0359
H2A_E56K_rw,C,H2A,214,0.0294
H2A_E56K_rw,C,H2A,215,0.0248
H2A_E56K_rw,C,H2A,216,0.0300
H2A_E56K_rw,C,H2A,217,0.0374
H2A_E56K_rw,C,H2A,218,0.0432
H2A_E56K_rw,C,H2A,219,0.0271
H2A_E56K_rw,C,H2A,220,0.0354
H2A_E56K_rw,C,H2A,221,0.0449
H2A_E56K_rw,C,H2A,222,0.0478
H2A_E56K_rw,C,H2A,223,0.0390
H2A_E56K_rw,C,H2A,224,0.0303
H2A_E56K_rw,C,H2A,225,0.0329
H2A_E56K_rw,C,H2A,226,0.0345
H2A_E56K_rw,C,H2A,227,0.0385
H2A_E56K_rw,C,H2A,228,0.0352
H2A_E56K_rw,C,H2A,229,0.0569
H2A_E56K_rw,C,H2A,230,0.0752
H2A_E56K_rw,C,H2A,231,0.0604
H2A_E56K_rw,C,H2A,232,0.0607
H2A_E56K_rw,C,H2A,233,0.0873
H2A_E56K_rw,C,H2A,234,0.0854
H2A_E56K_rw,C,H2A,235,0.0698
H2A_E56K_rw,C,H2A,236,0.0859
H2A_E56K_rw,C,H2A,237,0.0729
H2A_E56K_rw,C,H2A,238,0.0882
H2A_E56K_rw,C,H2A,239,0.0720
H2A_E56K_rw,C,H2A,240,0.0384
H2A_E56K_rw,C,H2A,241,0.0244
H2A_E56K_rw,C,H2A,242,0.0270
H2A_E56K_rw,C,H2A,243,0.0310
H2A_E56K_rw,C,H2A,244,0.0184
H2A_E56K_rw,C,H2A,245,0.0145
H2A_E56K_rw,C,H2A,246,0.0422
H2A_E56K_rw,C,H2A,247,0.0727
H2A_E56K_rw,C,H2A,248,0.0315
H2A_E56K_rw,C,H2A,249,0.0213
H2A_E56K_rw,C,H2A,250,0.0053
H2A_E56K_rw,C,H2A,251,0.0334
H2A_E56K_rw,C,H2A,252,0.0415
H2A_E56K_rw,C,H2A,253,0.0395
H2A_E56K_rw,C,H2A,254,0.0177
H2A_E56K_rw,C,H2A,255,0.1575
H2A_E56K_rw,C,H2A,256,0.2102
H2A_E56K_rw,C,H2A,257,0.2321
H2A_E56K_rw,C,H2A,258,0.1858
H2A_E56K_rw,C,H2A,259,0.1020
H2A_E56K_rw,C,H2A,260,0.1264
H2A_E56K_rw,C,H2A,261,0.1938
H2A_E56K_rw,C,H2A,262,0.1108
H2A_E56K_rw,C,H2A,263,0.0422
H2A_E56K_rw,C,H2A,264,0.0383
H2A_E56K_rw,C,H2A,265,0.0255
H2A_E56K_rw,C,H2A,266,0.0335
H2A_E56K_rw,C,H2A,267,0.0261
H2A_E56K_rw,C,H2A,268,0.0358
H2A_E56K_rw,C,H2A,269,0.0374
H2A_E56K_rw,C,H2A,270,0.0723
H2A_E56K_rw,C,H2A,271,0.0453
H2A_E56K_rw,C,H2A,272,0.0370
H2A_E56K_rw,C,H2A,273,0.0482
H2A_E56K_rw,C,H2A,274,0.0586
H2A_E56K_rw,C,H2A,275,0.0551
H2A_E56K_rw,D,H2B,286,0.2299
H2A_E56K_rw,D,H2B,287,0.0812
H2A_E56K_rw,D,H2B,288,0.2396
H2A_E56K_rw,D,H2B,289,0.1468
H2A_E56K_rw,D,H2B,290,0.2508
H2A_E56K_rw,D,H2B,291,0.3004
H2A_E56K_rw,D,H2B,292,0.0839
H2A_E56K_rw,D,H2B,293,0.0476
H2A_E56K_rw,D,H2B,294,0.1159
H2A_E56K_rw,D,H2B,295,0.0564
H2A_E56K_rw,D,H2B,296,0.0511
H2A_E56K_rw,D,H2B,297,0.0998
H2A_E56K_rw,D,H2B,298,0.0785
H2A_E56K_rw,D,H2B,299,0.0648
H2A_E56K_rw,D,H2B,300,0.0742
H2A_E56K_rw,D,H2B,301,0.1813
H2A_E56K_rw,D,H2B,302,0.1002
H2A_E56K_rw,D,H2B,303,0.1712
H2A_E56K_rw,D,H2B,304,0.1663
H2A_E56K_rw,D,H2B,305,0.1455
H2A_E56K_rw,D,H2B,306,0.1670
H2A_E56K_rw,D,H2B,307,0.1707
H2A_E56K_rw,D,H2B,308,0.1573
H2A_E56K_rw,D,H2B,309,0.1343
H2A_E56K_rw,D,H2B,310,0.1211
H2A_E56K_rw,D,H2B,311,0.1412
H2A_E56K_rw,D,H2B,312,0.1260
H2A_E56K_rw,D,H2B,313,0.0907
H2A_E56K_rw,D,H2B,314,0.1091
H2A_E56K_rw,D,H2B,315,0.1024
H2A_E56K_rw,D,H2B,316,0.0620
H2A_E56K_rw,D,H2B,317,0.0536
H2A_E56K_rw,D,H2B,318,0.0985
H2A_E56K_rw,D,H2B,319,0.0570
H2A_E56K_rw,D,H2B,320,0.0372
H2A_E56K_rw,D,H2B,321,0.0585
H2A_E56K_rw,D,H2B,322,0.0551
H2A_E56K_rw,D,H2B,323,0.0382
H2A_E56K_rw,D,H2B,324,0.0337
H2A_E56K_rw,D,H2B,325,0.0515
H2A_E56K_rw,D,H2B,326,0.0421
H2A_E56K_rw,D,H2B,327,0.0472
H2A_E56K_rw,D,H2B,328,0.0576
H2A_E56K_rw,D,H2B,329,0.0789
H2A_E56K_rw,D,H2B,330,0.0784
H2A_E56K_rw,D,H2B,331,0.0773
H2A_E56K_rw,D,H2B,332,0.0938
H2A_E56K_rw,D,H2B,333,0.0918
H2A_E56K_rw,D,H2B,334,0.0783
H2A_E56K_rw,D,H2B,335,0.0891
H2A_E56K_rw,D,H2B,336,0.0894
H2A_E56K_rw,D,H2B,337,0.0880
H2A_E56K_rw,D,H2B,338,0.1441
H2A_E56K_rw,D,H2B,339,0.1185
H2A_E56K_rw,D,H2B,340,0.0960
H2A_E56K_rw,D,H2B,341,0.0643
H2A_E56K_rw,D,H2B,342,0.0419
H2A_E56K_rw,D,H2B,343,0.0287
H2A_E56K_rw,D,H2B,344,0.0485
H2A_E56K_rw,D,H2B,345,0.0401
H2A_E56K_rw,D,H2B,346,0.0293
H2A_E56K_rw,D,H2B,347,0.0349
H2A_E56K_rw,D,H2B,348,0.0438
H2A_E56K_rw,D,H2B,349,0.0307
H2A_E56K_rw,D,H2B,350,0.0227
H2A_E56K_rw,D,H2B,351,0.0292
H2A_E56K_rw,D,H2B,352,0.0288
H2A_E56K_rw,D,H2B,353,0.0370
H2A_E56K_rw,D,H2B,354,0.0535
H2A_E56K_rw,D,H2B,355,0.0861
H2A_E56K_rw,D,H2B,356,0.0841
H2A_E56K_rw,D,H2B,357,0.0256
H2A_E56K_rw,D,H2B,358,0.0145
H2A_E56K_rw,D,H2B,359,0.0278
H2A_E56K_rw,D,H2B,360,0.0251
H2A_E56K_rw,D,H2B,361,0.0244
H2A_E56K_rw,D,H2B,362,0.0138
H2A_E56K_rw,D,H2B,363,0.0210
H2A_E56K_rw,D,H2B,364,0.0362
H2A_E56K_rw,D,H2B,365,0.0386
H2A_E56K_rw,D,H2B,366,0.0286
H2A_E56K_rw,D,H2B,367,0.0444
H2A_E56K_rw,D,H2B,368,0.0705
H2A_E56K_rw,D,H2B,369,0.0643
H2A_E56K_rw,D,H2B,370,0.0243
H2A_E56K_rw,D,H2B,371,0.0327
H2A_K74N_rw,C,H2A,181,0.0250
H2A_K74N_rw,C,H2A,182,0.0311
H2A_K74N_rw,C,H2A,183,0.0134
H2A_K74N_rw,C,H2A,184,0.0042
H2A_K74N_rw,C,H2A,185,0.0213
H2A_K74N_rw,C,H2A,186,0.0308
H2A_K74N_rw,C,H2A,187,0.0345
H2A_K74N_rw,C,H2A,188,0.0352
H2A_K74N_rw,C,H2A,189,0.0444
H2A_K74N_rw,C,H2A,190,0.0409
H2A_K74N_rw,C,H2A,191,0.0199
H2A_K74N_rw,C,H2A,192,0.0047
H2A_K74N_rw,C,H2A,193,0.0064
H2A_K74N_rw,C,H2A,194,0.0066
H2A_K74N_rw,C,H2A,195,0.0085
H2A_K74N_rw,C,H2A,196,0.0134
H2A_K74N_rw,C,H2A,197,0.0194
H2A_K74N_rw,C,H2A,198,0.0282
H2A_K74N_rw,C,H2A,199,0.0168
H2A_K74N_rw,C,H2A,200,0.0581
H2A_K74N_rw,C,H2A,201,0.0598
H2A_K74N_rw,C,H2A,202,0.1108
H2A_K74N_rw,C,H2A,203,0.0709
H2A_K74N_rw,C,H2A,204,0.0440
H2A_K74N_rw,C,H2A,205,0.0261
H2A_K74N_rw,C,H2A,206,0.0118
H2A_K74N_rw,C,H2A,207,0.0231
H2A_K74N_rw,C,H2A,208,0.0248
H2A_K74N_rw,C,H2A,209,0.0152
H2A_K74N_rw,C,H2A,210,0.0201
H2A_K74N_rw,C,H2A,211,0.0285
H2A_K74N_rw,C,H2A,212,0.0306
H2A_K74N_rw,C,H2A,213,0.0175
H2A_K74N_rw,C,H2A,214,0.0209
H2A_K74N_rw,C,H2A,215,0.0282
H2A_K74N_rw,C,H2A,216,0.0174
H2A_K74N_rw,C,H2A,217,0.0050
H2A_K74N_rw,C,H2A,218,0.0084
H2A_K74N_rw,C,H2A,219,0.0207
H2A_K74N_rw,C,H2A,220,0.0177
H2A_K74N_rw,C,H2A,221,0.0298
H2A_K74N_rw,C,H2A,222,0.0095
H2A_K74N_rw,C,H2A,223,0.0094
H2A_K74N_rw,C,H2A,224,0.0212
H2A_K74N_rw,C,H2A,225,0.0040
H2A_K74N_rw,C,H2A,226,0.0155
H2A_K74N_rw,C,H2A,227,0.0412
H2A_K74N_rw,C,H2A,228,0.0292
H2A_K74N_rw,C,H2A,229,0.0151
H2A_K74N_rw,C,H2A,230,0.0090
H2A_K74N_rw,C,H2A,231,0.0108
H2A_K74N_rw,C,H2A,232,0.0088
H2A_K74N_rw,C,H2A,233,0.0212
H2A_K74N_rw,C,H2A,234,0.0298
H2A_K74N_rw,C,H2A,235,0.0262
H2A_K74N_rw,C,H2A,236,0.0163
H2A_K74N_rw,C,H2A,237,0.0123
H2A_K74N_rw,C,H2A,238,0.0078
H2A_K74N_rw,C,H2A,239,0.0089
H2A_K74N_rw,C,H2A,240,0.0115
H2A_K74N_rw,C,H2A,241,0.0133
H2A_K74N_rw,C,H2A,242,0.0131
H2A_K74N_rw,C,H2A,243,0.0116
H2A_K74N_rw,C,H2A,244,0.0134
H2A_K74N_rw,C,H2A,245,0.0147
H2A_K74N_rw,C,H2A,246,0.0211
H2A_K74N_rw,C,H2A,247,0.0372
H2A_K74N_rw,C,H2A,248,0.0468
H2A_K74N_rw,C,H2A,249,0.0627
H2A_K74N_rw,C,H2A,250,0.1325
H2A_K74N_rw,C,H2A,251,0.1081
H2A_K74N_rw,C,H2A,252,0.0351
H2A_K74N_rw,C,H2A,253,0.0739
H2A_K74N_rw,C,H2A,254,0.0466
H2A_K74N_rw,C,H2A,255,0.0461
H2A_K74N_rw,C,H2A,256,0.0643
H2A_K74N_rw,C,H2A,257,0.0241
H2A_K74N_rw,C,H2A,258,0.0381
H2A_K74N_rw,C,H2A,259,0.0264
H2A_K74N_rw,C,H2A,260,0.0170
H2A_K74N_rw,C,H2A,261,0.1566
H2A_K74N_rw,C,H2A,262,0.0516
H2A_K74N_rw,C,H2A,263,0.0468
H2A_K74N_rw,C,H2A,264,0.0277
H2A_K74N_rw,C,H2A,265,0.0451
H2A_K74N_rw,C,H2A,266,0.0888
H2A_K74N_rw,C,H2A,267,0.1027
H2A_K74N_rw,C,H2A,268,0.1464
H2A_K74N_rw,C,H2A,269,0.0670
H2A_K74N_rw,C,H2A,270,0.0584
H2A_K74N_rw,C,H2A,271,0.0533
H2A_K74N_rw,C,H2A,272,0.0410
H2A_K74N_rw,C,H2A,273,0.0578
H2A_K74N_rw,C,H2A,274,0.0607
H2A_K74N_rw,C,H2A,275,0.0554
H2A_K74N_rw,D,H2B,286,0.0325
H2A_K74N_rw,D,H2B,287,0.0341
H2A_K74N_rw,D,H2B,288,0.0309
H2A_K74N_rw,D,H2B,289,0.0422
H2A_K74N_rw,D,H2B,290,0.0424
H2A_K74N_rw,D,H2B,291,0.0214
H2A_K74N_rw,D,H2B,292,0.0219
H2A_K74N_rw,D,H2B,293,0.0216
H2A_K74N_rw,D,H2B,294,0.0069
H2A_K74N_rw,D,H2B,295,0.0068
H2A_K74N_rw,D,H2B,296,0.0077
H2A_K74N_rw,D,H2B,297,0.0202
H2A_K74N_rw,D,H2B,298,0.0188
H2A_K74N_rw,D,H2B,299,0.0318
H2A_K74N_rw,D,H2B,300,0.0454
H2A_K74N_rw,D,H2B,301,0.0203
H2A_K74N_rw,D,H2B,302,0.0107
H2A_K74N_rw,D,H2B,303,0.0280
H2A_K74N_rw,D,H2B,304,0.0066
H2A_K74N_rw,D,H2B,305,0.0248
H2A_K74N_rw,D,H2B,306,0.0241
H2A_K74N_rw,D,H2B,307,0.0195
H2A_K74N_rw,D,H2B,308,0.0293
H2A_K74N_rw,D,H2B,309,0.0375
H2A_K74N_rw,D,H2B,310,0.0260
H2A_K74N_rw,D,H2B,311,0.0292
H2A_K74N_rw,D,H2B,312,0.0327
H2A_K74N_rw,D,H2B,313,0.0353
H2A_K74N_rw,D,H2B,314,0.0405
H2A_K74N_rw,D,H2B,315,0.0341
H2A_K74N_rw,D,H2B,316,0.0216
H2A_K74N_rw,D,H2B,317,0.0236
H2A_K74N_rw,D,H2B,318,0.0366
H2A_K74N_rw,D,H2B,319,0.0351
H2A_K74N_rw,D,H2B,320,0.0181
H2A_K74N_rw,D,H2B,321,0.0239
H2A_K74N_rw,D,H2B,322,0.0278
H2A_K74N_rw,D,H2B,323,0.0207
H2A_K74N_rw,D,H2B,324,0.0161
H2A_K74N_rw,D,H2B,325,0.0201
H2A_K74N_rw,D,H2B,326,0.0187
H2A_K74N_rw,D,H2B,327,0.0196
H2A_K74N_rw,D,H2B,328,0.0123
H2A_K74N_rw,D,H2B,329,0.0182
H2A_K74N_rw,D,H2B,330,0.0122
H2A_K74N_rw,D,H2B,331,0.0124
H2A_K74N_rw,D,H2B,332,0.0287
H2A_K74N_rw,D,H2B,333,0.0320
H2A_K74N_rw,D,H2B,334,0.0355
H2A_K74N_rw,D,H2B,335,0.0545
H2A_K74N_rw,D,H2B,336,0.1641
H2A_K74N_rw,D,H2B,337,0.0638
H2A_K74N_rw,D,H2B,338,0.0693
H2A_K74N_rw,D,H2B,339,0.0378
H2A_K74N_rw,D,H2B,340,0.0141
H2A_K74N_rw,D,H2B,341,0.0320
H2A_K74N_rw,D,H2B,342,0.0238
H2A_K74N_rw,D,H2B,343,0.0265
H2A_K74N_rw,D,H2B,344,0.0243
H2A_K74N_rw,D,H2B,345,0.0186
H2A_K74N_rw,D,H2B,346,0.0139
H2A_K74N_rw,D,H2B,347,0.0315
H2A_K74N_rw,D,H2B,348,0.0199
H2A_K74N_rw,D,H2B,349,0.0048
H2A_K74N_rw,D,H2B,350,0.0158
H2A_K74N_rw,D,H2B,351,0.0161
H2A_K74N_rw,D,H2B,352,0.0199
H2A_K74N_rw,D,H2B,353,0.0136
H2A_K74N_rw,D,H2B,354,0.0276
H2A_K74N_rw,D,H2B,355,0.0120
H2A_K74N_rw,D,H2B,356,0.0285
H2A_K74N_rw,D,H2B,357,0.0255
H2A_K74N_rw,D,H2B,358,0.0134
H2A_K74N_rw,D,H2B,359,0.0185
H2A_K74N_rw,D,H2B,360,0.0307
H2A_K74N_rw,D,H2B,361,0.0198
H2A_K74N_rw,D,H2B,362,0.0166
H2A_K74N_rw,D,H2B,363,0.0239
H2A_K74N_rw,D,H2B,364,0.0223
H2A_K74N_rw,D,H2B,365,0.0140
H2A_K74N_rw,D,H2B,366,0.0189
H2A_K74N_rw,D,H2B,367,0.0192
H2A_K74N_rw,D,H2B,368,0.0110
H2A_K74N_rw,D,H2B,369,0.0316
H2A_K74N_rw,D,H2B,370,0.0262
H2A_K74N_rw,D,H2B,371,0.0179
H2B_E105K_rw,C,H2A,181,0.0263
H2B_E105K_rw,C,H2A,182,0.0127
H2B_E105K_rw,C,H2A,183,0.0081
H2B_E105K_rw,C,H2A,184,0.0048
H2B_E105K_rw,C,H2A,185,0.0097
H2B_E105K_rw,C,H2A,186,0.0065
H2B_E105K_rw,C,H2A,187,0.0151
H2B_E105K_rw,C,H2A,188,0.0055
H2B_E105K_rw,C,H2A,189,0.0118
H2B_E105K_rw,C,H2A,190,0.0191
H2B_E105K_rw,C,H2A,191,0.0241
H2B_E105K_rw,C,H2A,192,0.0182
H2B_E105K_rw,C,H2A,193,0.0206
H2B_E105K_rw,C,H2A,194,0.0438
H2B_E105K_rw,C,H2A,195,0.0227
H2B_E105K_rw,C,H2A,196,0.0202
H2B_E105K_rw,C,H2A,197,0.0379
H2B_E105K_rw,C,H2A,198,0.0369
H2B_E105K_rw,C,H2A,199,0.0294
H2B_E105K_rw,C,H2A,200,0.0641
H2B_E105K_rw,C,H2A,201,0.0044
H2B_E105K_rw,C,H2A,202,0.0157
H2B_E105K_rw,C,H2A,203,0.0379
H2B_E105K_rw,C,H2A,204,0.0128
H2B_E105K_rw,C,H2A,205,0.0094
H2B_E105K_rw,C,H2A,206,0.0131
H2B_E105K_rw,C,H2A,207,0.0069
H2B_E105K_rw,C,H2A,208,0.0077
H2B_E105K_rw,C,H2A,209,0.0150
H2B_E105K_rw,C,H2A,210,0.0133
H2B_E105K_rw,C,H2A,211,0.0228
H2B_E105K_rw,C,H2A,212,0.0243
H2B_E105K_rw,C,H2A,213,0.0207
H2B_E105K_rw,C,H2A,214,0.0131
H2B_E105K_rw,C,H2A,215,0.0186
H2B_E105K_rw,C,H2A,216,0.0080
H2B_E105K_rw,C,H2A,217,0.0090
H2B_E105K_rw,C,H2A,218,0.0106
H2B_E105K_rw,C,H2A,219,0.0128
H2B_E105K_rw,C,H2A,220,0.0030
H2B_E105K_rw,C,H2A,221,0.0098
H2B_E105K_rw,C,H2A,222,0.0010
H2B_E105K_rw,C,H2A,223,0.0036
H2B_E105K_rw,C,H2A,224,0.0058
H2B_E105K_rw,C,H2A,225,0.0020
H2B_E105K_rw,C,H2A,226,0.0126
H2B_E105K_rw,C,H2A,227,0.0200
H2B_E105K_rw,C,H2A,228,0.0204
H2B_E105K_rw,C,H2A,229,0.0089
H2B_E105K_rw,C,H2A,230,0.0141
H2B_E105K_rw,C,H2A,231,0.0181
H2B_E105K_rw,C,H2A,232,0.0157
H2B_E105K_rw,C,H2A,233,0.0160
H2B_E105K_rw,C,H2A,234,0.0175
H2B_E105K_rw,C,H2A,235,0.0104
H2B_E105K_rw,C,H2A,236,0.0113
H2B_E105K_rw,C,H2A,237,0.0134
H2B_E105K_rw,C,H2A,238,0.0245
H2B_E105K_rw,C,H2A,239,0.0009
H2B_E105K_rw,C,H2A,240,0.0074
H2B_E105K_rw,C,H2A,241,0.0094
H2B_E105K_rw,C,H2A,242,0.0098
H2B_E105K_rw,C,H2A,243,0.0251
H2B_E105K_rw,C,H2A,244,0.0215
H2B_E105K_rw,C,H2A,245,0.0209
H2B_E105K_rw,C,H2A,246,0.0405
H2B_E105K_rw,C,H2A,247,0.0543
H2B_E105K_rw,C,H2A,248,0.0349
H2B_E105K_rw,C,H2A,249,0.0714
H2B_E105K_rw,C,H2A,250,0.0931
H2B_E105K_rw,C,H2A,251,0.0927
H2B_E105K_rw,C,H2A,252,0.1696
H2B_E105K_rw,C,H2A,253,0.2616
H2B_E105K_rw,C,H2A,254,0.2690
H2B_E105K_rw,C,H2A,255,0.1687
H2B_E105K_rw,C,H2A,256,0.1885
H2B_E105K_rw,C,H2A,257,0.2377
H2B_E105K_rw,C,H2A,258,0.1263
H2B_E105K_rw,C,H2A,259,0.1023
H2B_E105K_rw,C,H2A,260,0.1312
H2B_E105K_rw,C,H2A,261,0.2180
H2B_E105K_rw,C,H2A,262,0.0928
H2B_E105K_rw,C,H2A,263,0.0359
H2B_E105K_rw,C,H2A,264,0.0155
H2B_E105K_rw,C,H2A,265,0.0295
H2B_E105K_rw,C,H2A,266,0.0598
H2B_E105K_rw,C,H2A,267,0.5585
H2B_E105K_rw,C,H2A,268,0.2302
H2B_E105K_rw,C,H2A,269,0.1007
H2B_E105K_rw,C,H2A,270,0.1049
H2B_E105K_rw,C,H2A,271,0.0736
H2B_E105K_rw,C,H2A,272,0.0517
H2B_E105K_rw,C,H2A,273,0.0519
H2B_E105K_rw,C,H2A,274,0.0524
H2B_E105K_rw,C,H2A,275,0.0533
H2B_E105K_rw,D,H2B,286,0.2400
H2B_E105K_rw,D,H2B,287,0.0475
H2B_E105K_rw,D,H2B,288,0.0299
H2B_E105K_rw,D,H2B,289,0.0415
H2B_E105K_rw,D,H2B,290,0.0701
H2B_E105K_rw,D,H2B,291,0.0416
H2B_E105K_rw,D,H2B,292,0.0235
H2B_E105K_rw,D,H2B,293,0.0311
H2B_E105K_rw,D,H2B,294,0.0315
H2B_E105K_rw,D,H2B,295,0.0283
H2B_E105K_rw,D,H2B,296,0.0217
H2B_E105K_rw,D,H2B,297,0.0213
H2B_E105K_rw,D,H2B,298,0.0182
H2B_E105K_rw,D,H2B,299,0.0211
H2B_E105K_rw,D,H2B,300,0.0287
H2B_E105K_rw,D,H2B,301,0.0374
H2B_E105K_rw,D,H2B,302,0.0702
H2B_E105K_rw,D,H2B,303,0.0604
H2B_E105K_rw,D,H2B,304,0.0436
H2B_E105K_rw,D,H2B,305,0.0289
H2B_E105K_rw,D,H2B,306,0.0165
H2B_E105K_rw,D,H2B,307,0.0134
H2B_E105K_rw,D,H2B,308,0.0104
H2B_E105K_rw,D,H2B,309,0.0232
H2B_E105K_rw,D,H2B,310,0.0226
H2B_E105K_rw,D,H2B,311,0.0229
H2B_E105K_rw,D,H2B,312,0.0240
H2B_E105K_rw,D,H2B,313,0.0292
H2B_E105K_rw,D,H2B,314,0.0299
H2B_E105K_rw,D,H2B,315,0.0204
H2B_E105K_rw,D,H2B,316,0.0211
H2B_E105K_rw,D,H2B,317,0.0296
H2B_E105K_rw,D,H2B,318,0.0338
H2B_E105K_rw,D,H2B,319,0.0190
H2B_E105K_rw,D,H2B,320,0.0114
H2B_E105K_rw,D,H2B,321,0.0090
H2B_E105K_rw,D,H2B,322,0.0133
H2B_E105K_rw,D,H2B,323,0.0106
H2B_E105K_rw,D,H2B,324,0.0077
H2B_E105K_rw,D,H2B,325,0.0099
H2B_E105K_rw,D,H2B,326,0.0266
H2B_E105K_rw,D,H2B,327,0.0063
H2B_E105K_rw,D,H2B,328,0.0143
H2B_E105K_rw,D,H2B,329,0.0202
H2B_E105K_rw,D,H2B,330,0.0172
H2B_E105K_rw,D,H2B,331,0.0137
H2B_E105K_rw,D,H2B,332,0.0194
H2B_E105K_rw,D,H2B,333,0.0255
H2B_E105K_rw,D,H2B,334,0.0083
H2B_E105K_rw,D,H2B,335,0.0230
H2B_E105K_rw,D,H2B,336,0.0453
H2B_E105K_rw,D,H2B,337,0.0366
H2B_E105K_rw,D,H2B,338,0.0636
H2B_E105K_rw,D,H2B,339,0.0426
H2B_E105K_rw,D,H2B,340,0.0073
H2B_E105K_rw,D,H2B,341,0.0392
H2B_E105K_rw,D,H2B,342,0.0300
H2B_E105K_rw,D,H2B,343,0.0454
H2B_E105K_rw,D,H2B,344,0.0225
H2B_E105K_rw,D,H2B,345,0.0159
H2B_E105K_rw,D,H2B,346,0.0419
H2B_E105K_rw,D,H2B,347,0.0486
H2B_E105K_rw,D,H2B,348,0.0288
H2B_E105K_rw,D,H2B,349,0.0390
H2B_E105K_rw,D,H2B,350,0.0431
H2B_E105K_rw,D,H2B,351,0.0439
H2B_E105K_rw,D,H2B,352,0.0410
H2B_E105K_rw,D,H2B,353,0.0459
H2B_E105K_rw,D,H2B,354,0.0698
H2B_E105K_rw,D,H2B,355,0.0660
H2B_E105K_rw,D,H2B,356,0.0606
H2B_E105K_rw,D,H2B,357,0.0355
H2B_E105K_rw,D,H2B,358,0.0582
H2B_E105K_rw,D,H2B,359,0.0819
H2B_E105K_rw,D,H2B,360,0.0675
H2B_E105K_rw,D,H2B,361,0.0435
H2B_E105K_rw,D,H2B,362,0.0676
H2B_E105K_rw,D,H2B,363,0.0811
H2B_E105K_rw,D,H2B,364,0.0725
H2B_E105K_rw,D,H2B,365,0.0520
H2B_E105K_rw,D,H2B,366,0.0784
H2B_E105K_rw,D,H2B,367,0.0938
H2B_E105K_rw,D,H2B,368,0.0819
H2B_E105K_rw,D,H2B,369,0.0715
H2B_E105K_rw,D,H2B,370,0.0934
H2B_E105K_rw,D,H2B,371,0.1022
H2B_F70L_rw,C,H2A,181,0.0299
H2B_F70L_rw,C,H2A,182,0.0221
H2B_F70L_rw,C,H2A,183,0.0214
H2B_F70L_rw,C,H2A,184,0.0317
H2B_F70L_rw,C,H2A,185,0.0332
H2B_F70L_rw,C,H2A,186,0.0481
H2B_F70L_rw,C,H2A,187,0.0408
H2B_F70L_rw,C,H2A,188,0.0557
H2B_F70L_rw,C,H2A,189,0.0250
H2B_F70L_rw,C,H2A,190,0.0203
H2B_F70L_rw,C,H2A,191,0.0234
H2B_F70L_rw,C,H2A,192,0.0279
H2B_F70L_rw,C,H2A,193,0.0266
H2B_F70L_rw,C,H2A,194,0.0281
H2B_F70L_rw,C,H2A,195,0.0168
H2B_F70L_rw,C,H2A,196,0.0377
H2B_F70L_rw,C,H2A,197,0.0273
H2B_F70L_rw,C,H2A,198,0.0289
H2B_F70L_rw,C,H2A,199,0.0459
H2B_F70L_rw,C,H2A,200,0.0287
H2B_F70L_rw,C,H2A,201,0.0294
H2B_F70L_rw,C,H2A,202,0.0484
H2B_F70L_rw,C,H2A,203,0.0249
H2B_F70L_rw,C,H2A,204,0.0175
H2B_F70L_rw,C,H2A,205,0.0142
H2B_F70L_rw,C,H2A,206,0.0778
H2B_F70L_rw,C,H2A,207,0.0632
H2B_F70L_rw,C,H2A,208,0.0070
H2B_F70L_rw,C,H2A,209,0.0151
H2B_F70L_rw,C,H2A,210,0.0046
H2B_F70L_rw,C,H2A,211,0.0075
H2B_F70L_rw,C,H2A,212,0.0032
H2B_F70L_rw,C,H2A,213,0.0056
H2B_F70L_rw,C,H2A,214,0.0092
H2B_F70L_rw,C,H2A,215,0.0080
H2B_F70L_rw,C,H2A,216,0.0025
H2B_F70L_rw,C,H2A,217,0.0088
H2B_F70L_rw,C,H2A,218,0.0182
H2B_F70L_rw,C,H2A,219,0.0104
H2B_F70L_rw,C,H2A,220,0.0078
H2B_F70L_rw,C,H2A,221,0.0080
H2B_F70L_rw,C,H2A,222,0.0191
H2B_F70L_rw,C,H2A,223,0.0339
H2B_F70L_rw,C,H2A,224,0.0185
H2B_F70L_rw,C,H2A,225,0.0143
H2B_F70L_rw,C,H2A,226,0.0263
H2B_F70L_rw,C,H2A,227,0.0405
H2B_F70L_rw,C,H2A,228,0.0248
H2B_F70L_rw,C,H2A,229,0.0200
H2B_F70L_rw,C,H2A,230,0.0313
H2B_F70L_rw,C,H2A,231,0.0310
H2B_F70L_rw,C,H2A,232,0.0254
H2B_F70L_rw,C,H2A,233,0.0274
H2B_F70L_rw,C,H2A,234,0.0346
H2B_F70L_rw,C,H2A,235,0.0377
H2B_F70L_rw,C,H2A,236,0.0323
H2B_F70L_rw,C,H2A,237,0.0237
H2B_F70L_rw,C,H2A,238,0.0216
H2B_F70L_rw,C,H2A,239,0.0305
H2B_F70L_rw,C,H2A,240,0.0145
H2B_F70L_rw,C,H2A,241,0.0120
H2B_F70L_rw,C,H2A,242,0.0128
H2B_F70L_rw,C,H2A,243,0.0224
H2B_F70L_rw,C,H2A,244,0.0128
H2B_F70L_rw,C,H2A,245,0.0139
H2B_F70L_rw,C,H2A,246,0.0373
H2B_F70L_rw,C,H2A,247,0.0583
H2B_F70L_rw,C,H2A,248,0.0390
H2B_F70L_rw,C,H2A,249,0.0505
H2B_F70L_rw,C,H2A,250,0.0866
H2B_F70L_rw,C,H2A,251,0.0858
H2B_F70L_rw,C,H2A,252,0.0939
H2B_F70L_rw,C,H2A,253,0.1119
H2B_F70L_rw,C,H2A,254,0.1868
H2B_F70L_rw,C,H2A,255,0.1464
H2B_F70L_rw,C,H2A,256,0.0702
H2B_F70L_rw,C,H2A,257,0.1262
H2B_F70L_rw,C,H2A,258,0.1264
H2B_F70L_rw,C,H2A,259,0.0262
H2B_F70L_rw,C,H2A,260,0.0514
H2B_F70L_rw,C,H2A,261,0.3051
H2B_F70L_rw,C,H2A,262,0.1113
H2B_F70L_rw,C,H2A,263,0.0183
H2B_F70L_rw,C,H2A,264,0.0153
H2B_F70L_rw,C,H2A,265,0.0109
H2B_F70L_rw,C,H2A,266,0.0212
H2B_F70L_rw,C,H2A,267,0.0221
H2B_F70L_rw,C,H2A,268,0.0270
H2B_F70L_rw,C,H2A,269,0.0342
H2B_F70L_rw,C,H2A,270,0.0646
H2B_F70L_rw,C,H2A,271,0.0451
H2B_F70L_rw,C,H2A,272,0.0560
H2B_F70L_rw,C,H2A,273,0.0634
H2B_F70L_rw,C,H2A,274,0.0723
H2B_F70L_rw,C,H2A,275,0.0684
H2B_F70L_rw,D,H2B,286,0.2863
H2B_F70L_rw,D,H2B,287,0.0870
H2B_F70L_rw,D,H2B,288,0.0737
H2B_F70L_rw,D,H2B,289,0.0718
H2B_F70L_rw,D,H2B,290,0.0777
H2B_F70L_rw,D,H2B,291,0.0615
H2B_F70L_rw,D,H2B,292,0.0535
H2B_F70L_rw,D,H2B,293,0.0560
H2B_F70L_rw,D,H2B,294,0.0399
H2B_F70L_rw,D,H2B,295,0.0430
H2B_F70L_rw,D,H2B,296,0.0465
H2B_F70L_rw,D,H2B,297,0.0339
H2B_F70L_rw,D,H2B,298,0.0178
H2B_F70L_rw,D,H2B,299,0.0117
H2B_F70L_rw,D,H2B,300,0.0383
H2B_F70L_rw,D,H2B,301,0.0222
H2B_F70L_rw,D,H2B,302,0.0634
H2B_F70L_rw,D,H2B,303,0.0663
H2B_F70L_rw,D,H2B,304,0.0857
H2B_F70L_rw,D,H2B,305,0.0849
H2B_F70L_rw,D,H2B,306,0.0755
H2B_F70L_rw,D,H2B,307,0.0726
H2B_F70L_rw,D,H2B,308,0.0813
H2B_F70L_rw,D,H2B,309,0.0716
H2B_F70L_rw,D,H2B,310,0.0713
H2B_F70L_rw,D,H2B,311,0.0651
H2B_F70L_rw,D,H2B,312,0.0608
H2B_F70L_rw,D,H2B,313,0.0612
H2B_F70L_rw,D,H2B,314,0.0659
H2B_F70L_rw,D,H2B,315,0.0543
H2B_F70L_rw,D,H2B,316,0.0456
H2B_F70L_rw,D,H2B,317,0.0366
H2B_F70L_rw,D,H2B,318,0.0400
H2B_F70L_rw,D,H2B,319,0.0507
H2B_F70L_rw,D,H2B,320,0.0349
H2B_F70L_rw,D,H2B,321,0.0414
H2B_F70L_rw,D,H2B,322,0.0580
H2B_F70L_rw,D,H2B,323,0.0448
H2B_F70L_rw,D,H2B,324,0.0353
H2B_F70L_rw,D,H2B,325,0.0486
H2B_F70L_rw,D,H2B,326,0.0530
H2B_F70L_rw,D,H2B,327,0.0563
H2B_F70L_rw,D,H2B,328,0.0484
H2B_F70L_rw,D,H2B,329,0.0609
H2B_F70L_rw,D,H2B,330,0.0747
H2B_F70L_rw,D,H2B,331,0.0672
H2B_F70L_rw,D,H2B,332,0.0454
H2B_F70L_rw,D,H2B,333,0.0741
H2B_F70L_rw,D,H2B,334,0.0878
H2B_F70L_rw,D,H2B,335,0.0678
H2B_F70L_rw,D,H2B,336,0.0585
H2B_F70L_rw,D,H2B,337,0.0747
H2B_F70L_rw,D,H2B,338,0.0942
H2B_F70L_rw,D,H2B,339,0.0729
H2B_F70L_rw,D,H2B,340,0.0656
H2B_F70L_rw,D,H2B,341,0.0416
H2B_F70L_rw,D,H2B,342,0.0207
H2B_F70L_rw,D,H2B,343,0.0176
H2B_F70L_rw,D,H2B,344,0.0317
H2B_F70L_rw,D,H2B,345,0.0215
H2B_F70L_rw,D,H2B,346,0.0134
H2B_F70L_rw,D,H2B,347,0.0277
H2B_F70L_rw,D,H2B,348,0.0210
H2B_F70L_rw,D,H2B,349,0.0159
H2B_F70L_rw,D,H2B,350,0.0203
H2B_F70L_rw,D,H2B,351,0.0244
H2B_F70L_rw,D,H2B,352,0.0166
H2B_F70L_rw,D,H2B,353,0.0346
H2B_F70L_rw,D,H2B,354,0.0673
H2B_F70L_rw,D,H2B,355,0.0570
H2B_F70L_rw,D,H2B,356,0.0523
H2B_F70L_rw,D,H2B,357,0.0399
H2B_F70L_rw,D,H2B,358,0.0227
H2B_F70L_rw,D,H2B,359,0.0326
H2B_F70L_rw,D,H2B,360,0.0197
H2B_F70L_rw,D,H2B,361,0.0170
H2B_F70L_rw,D,H2B,362,0.0278
H2B_F70L_rw,D,H2B,363,0.0367
H2B_F70L_rw,D,H2B,364,0.0356
H2B_F70L_rw,D,H2B,365,0.0166
H2B_F70L_rw,D,H2B,366,0.0218
H2B_F70L_rw,D,H2B,367,0.0427
H2B_F70L_rw,D,H2B,368,0.0439
H2B_F70L_rw,D,H2B,369,0.0232
H2B_F70L_rw,D,H2B,370,0.0408
H2B_F70L_rw,D,H2B,371,0.0630
H3_E50K_rw,A,H3,6,0.0320
H3_E50K_rw,A,H3,7,0.0316
H3_E50K_rw,A,H3,8,0.0164
H3_E50K_rw,A,H3,9,0.0025
H3_E50K_rw,A,H3,10,0.0017
H3_E50K_rw,A,H3,11,0.0017
H3_E50K_rw,A,H3,12,0.0080
H3_E50K_rw,A,H3,13,0.0045
H3_E50K_rw,A,H3,14,0.0050
H3_E50K_rw,A,H3,15,0.0033
H3_E50K_rw,A,H3,16,0.0089
H3_E50K_rw,A,H3,17,0.0148
H3_E50K_rw,A,H3,18,0.0103
H3_E50K_rw,A,H3,19,0.0166
H3_E50K_rw,A,H3,20,0.0160
H3_E50K_rw,A,H3,21,0.0167
H3_E50K_rw,A,H3,22,0.0155
H3_E50K_rw,A,H3,23,0.0076
H3_E50K_rw,A,H3,24,0.0094
H3_E50K_rw,A,H3,25,0.0408
H3_E50K_rw,A,H3,26,0.0460
H3_E50K_rw,A,H3,27,0.0284
H3_E50K_rw,A,H3,28,0.0139
H3_E50K_rw,A,H3,29,0.0082
H3_E50K_rw,A,H3,30,0.0027
H3_E50K_rw,A,H3,31,0.0111
H3_E50K_rw,A,H3,32,0.0165
H3_E50K_rw,A,H3,33,0.0134
H3_E50K_rw,A,H3,34,0.0038
H3_E50K_rw,A,H3,35,0.0026
H3_E50K_rw,A,H3,36,0.0115
H3_E50K_rw,A,H3,37,0.0038
H3_E50K_rw,A,H3,38,0.0008
H3_E50K_rw,A,H3,39,0.0192
H3_E50K_rw,A,H3,40,0.0153
H3_E50K_rw,A,H3,41,0.0013
H3_E50K_rw,A,H3,42,0.0123
H3_E50K_rw,A,H3,43,0.0216
H3_E50K_rw,A,H3,44,0.0306
H3_E50K_rw,A,H3,45,0.0204
H3_E50K_rw,A,H3,46,0.0289
H3_E50K_rw,A,H3,47,0.0221
H3_E50K_rw,A,H3,48,0.0249
H3_E50K_rw,A,H3,49,0.0371
H3_E50K_rw,A,H3,50,0.0218
H3_E50K_rw,A,H3,51,0.0209
H3_E50K_rw,A,H3,52,0.0133
H3_E50K_rw,A,H3,53,0.0100
H3_E50K_rw,A,H3,54,0.0268
H3_E50K_rw,A,H3,55,0.0265
H3_E50K_rw,A,H3,56,0.0071
H3_E50K_rw,A,H3,57,0.0150
H3_E50K_rw,A,H3,58,0.0194
H3_E50K_rw,A,H3,59,0.0097
H3_E50K_rw,A,H3,60,0.0068
H3_E50K_rw,A,H3,61,0.0037
H3_E50K_rw,A,H3,62,0.0102
H3_E50K_rw,A,H3,63,0.0059
H3_E50K_rw,A,H3,64,0.0127
H3_E50K_rw,A,H3,65,0.0147
H3_E50K_rw,A,H3,66,0.0150
H3_E50K_rw,A,H3,67,0.0151
H3_E50K_rw,A,H3,68,0.0126
H3_E50K_rw,A,H3,69,0.0114
H3_E50K_rw,A,H3,70,0.0146
H3_E50K_rw,A,H3,71,0.0165
H3_E50K_rw,A,H3,72,0.0144
H3_E50K_rw,A,H3,73,0.0111
H3_E50K_rw,A,H3,74,0.0115
H3_E50K_rw,A,H3,75,0.0101
H3_E50K_rw,A,H3,76,0.0129
H3_E50K_rw,A,H3,77,0.0113
H3_E50K_rw,A,H3,78,0.0087
H3_E50K_rw,A,H3,79,0.0061
H3_E50K_rw,A,H3,80,0.0124
H3_E50K_rw,A,H3,81,0.0034
H3_E50K_rw,A,H3,82,0.0029
H3_E50K_rw,A,H3,83,0.0041
H3_E50K_rw,A,H3,84,0.0072
H3_E50K_rw,A,H3,85,0.0119
H3_E50K_rw,A,H3,86,0.0109
H3_E50K_rw,A,H3,87,0.0124
H3_E50K_rw,A,H3,88,0.0159
H3_E50K_rw,A,H3,89,0.0104
H3_E50K_rw,A,H3,90,0.0376
H3_E50K_rw,A,H3,91,0.0550
H3_E50K_rw,A,H3,92,0.0415
H3_E50K_rw,B,H4,103,0.0376
H3_E50K_rw,B,H4,104,0.0069
H3_E50K_rw,B,H4,105,0.0172
H3_E50K_rw,B,H4,106,0.0108
H3_E50K_rw,B,H4,107,0.0038
H3_E50K_rw,B,H4,108,0.0081
H3_E50K_rw,B,H4,109,0.0112
H3_E50K_rw,B,H4,110,0.0040
H3_E50K_rw,B,H4,111,0.0093
H3_E50K_rw,B,H4,112,0.0156
H3_E50K_rw,B,H4,113,0.0152
H3_E50K_rw,B,H4,114,0.0139
H3_E50K_rw,B,H4,115,0.0206
H3_E50K_rw,B,H4,116,0.0149
H3_E50K_rw,B,H4,117,0.0152
H3_E50K_rw,B,H4,118,0.0103
H3_E50K_rw,B,H4,119,0.0035
H3_E50K_rw,B,H4,120,0.0051
H3_E50K_rw,B,H4,121,0.0101
H3_E50K_rw,B,H4,122,0.0058
H3_E50K_rw,B,H4,123,0.0075
H3_E50K_rw,B,H4,124,0.0051
H3_E50K_rw,B,H4,125,0.0044
H3_E50K_rw,B,H4,126,0.0053
H3_E50K_rw,B,H4,127,0.0046
H3_E50K_rw,B,H4,128,0.0147
H3_E50K_rw,B,H4,129,0.0141
H3_E50K_rw,B,H4,130,0.0294
H3_E50K_rw,B,H4,131,0.0356
H3_E50K_rw,B,H4,132,0.0280
H3_E50K_rw,B,H4,133,0.0307
H3_E50K_rw,B,H4,134,0.0274
H3_E50K_rw,B,H4,135,0.0127
H3_E50K_rw,B,H4,136,0.0027
H3_E50K_rw,B,H4,137,0.0172
H3_E50K_rw,B,H4,138,0.0077
H3_E50K_rw,B,H4,139,0.0069
H3_E50K_rw,B,H4,140,0.0047
H3_E50K_rw,B,H4,141,0.0098
H3_E50K_rw,B,H4,142,0.0049
H3_E50K_rw,B,H4,143,0.0073
H3_E50K_rw,B,H4,144,0.0108
H3_E50K_rw,B,H4,145,0.0092
H3_E50K_rw,B,H4,146,0.0026
H3_E50K_rw,B,H4,147,0.0102
H3_E50K_rw,B,H4,148,0.0185
H3_E50K_rw,B,H4,149,0.0094
H3_E50K_rw,B,H4,150,0.0178
H3_E50K_rw,B,H4,151,0.0123
H3_E50K_rw,B,H4,152,0.0230
H3_E50K_rw,B,H4,153,0.0109
H3_E50K_rw,B,H4,154,0.0050
H3_E50K_rw,B,H4,155,0.0126
H3_E50K_rw,B,H4,156,0.0163
H3_E50K_rw,B,H4,157,0.0057
H3_E50K_rw,B,H4,158,0.0029
H3_E50K_rw,B,H4,159,0.0014
H3_E50K_rw,B,H4,160,0.0046
H3_E50K_rw,B,H4,161,0.0032
H3_E50K_rw,B,H4,162,0.0011
H3_E50K_rw,B,H4,163,0.0107
H3_E50K_rw,B,H4,164,0.0169
H3_E50K_rw,B,H4,165,0.0714
H3_E50K_rw,B,H4,166,0.1916
H3_E50K_rw,B,H4,167,0.3967
H3_E50K_rw,B,H4,168,0.0799
H3_E50K_rw,B,H4,169,0.0645
H3_E50K_rw,B,H4,170,0.0332
H3_E73K_rw,A,H3,6,0.0175
H3_E73K_rw,A,H3,7,0.0133
H3_E73K_rw,A,H3,8,0.0245
H3_E73K_rw,A,H3,9,0.0377
H3_E73K_rw,A,H3,10,0.0194
H3_E73K_rw,A,H3,11,0.0142
H3_E73K_rw,A,H3,12,0.0149
H3_E73K_rw,A,H3,13,0.0188
H3_E73K_rw,A,H3,14,0.0118
H3_E73K_rw,A,H3,15,0.0052
H3_E73K_rw,A,H3,16,0.0096
H3_E73K_rw,A,H3,17,0.0121
H3_E73K_rw,A,H3,18,0.0170
H3_E73K_rw,A,H3,19,0.0241
H3_E73K_rw,A,H3,20,0.0153
H3_E73K_rw,A,H3,21,0.0153
H3_E73K_rw,A,H3,22,0.0421
H3_E73K_rw,A,H3,23,0.0259
H3_E73K_rw,A,H3,24,0.0128
H3_E73K_rw,A,H3,25,0.0124
H3_E73K_rw,A,H3,26,0.0190
H3_E73K_rw,A,H3,27,0.0177
H3_E73K_rw,A,H3,28,0.0272
H3_E73K_rw,A,H3,29,0.0194
H3_E73K_rw,A,H3,30,0.0147
H3_E73K_rw,A,H3,31,0.0180
H3_E73K_rw,A,H3,32,0.0317
H3_E73K_rw,A,H3,33,0.0250
H3_E73K_rw,A,H3,34,0.0086
H3_E73K_rw,A,H3,35,0.0206
H3_E73K_rw,A,H3,36,0.0244
H3_E73K_rw,A,H3,37,0.0108
H3_E73K_rw,A,H3,38,0.0121
H3_E73K_rw,A,H3,39,0.0159
H3_E73K_rw,A,H3,40,0.0343
H3_E73K_rw,A,H3,41,0.0311
H3_E73K_rw,A,H3,42,0.0140
H3_E73K_rw,A,H3,43,0.0250
H3_E73K_rw,A,H3,44,0.0781
H3_E73K_rw,A,H3,45,0.0337
H3_E73K_rw,A,H3,46,0.0237
H3_E73K_rw,A,H3,47,0.0269
H3_E73K_rw,A,H3,48,0.0385
H3_E73K_rw,A,H3,49,0.0825
H3_E73K_rw,A,H3,50,0.0100
H3_E73K_rw,A,H3,51,0.0152
H3_E73K_rw,A,H3,52,0.0037
H3_E73K_rw,A,H3,53,0.0017
H3_E73K_rw,A,H3,54,0.0118
H3_E73K_rw,A,H3,55,0.0092
H3_E73K_rw,A,H3,56,0.0059
H3_E73K_rw,A,H3,57,0.0157
H3_E73K_rw,A,H3,58,0.0183
H3_E73K_rw,A,H3,59,0.0225
H3_E73K_rw,A,H3,60,0.0260
H3_E73K_rw,A,H3,61,0.0237
H3_E73K_rw,A,H3,62,0.0291
H3_E73K_rw,A,H3,63,0.0269
H3_E73K_rw,A,H3,64,0.0248
H3_E73K_rw,A,H3,65,0.0051
H3_E73K_rw,A,H3,66,0.0232
H3_E73K_rw,A,H3,67,0.0232
H3_E73K_rw,A,H3,68,0.0202
H3_E73K_rw,A,H3,69,0.0206
H3_E73K_rw,A,H3,70,0.0240
H3_E73K_rw,A,H3,71,0.0212
H3_E73K_rw,A,H3,72,0.0187
H3_E73K_rw,A,H3,73,0.0155
H3_E73K_rw,A,H3,74,0.0221
H3_E73K_rw,A,H3,75,0.0233
H3_E73K_rw,A,H3,76,0.0172
H3_E73K_rw,A,H3,77,0.0115
H3_E73K_rw,A,H3,78,0.0194
H3_E73K_rw,A,H3,79,0.0177
H3_E73K_rw,A,H3,80,0.0145
H3_E73K_rw,A,H3,81,0.0145
H3_E73K_rw,A,H3,82,0.0132
H3_E73K_rw,A,H3,83,0.0087
H3_E73K_rw,A,H3,84,0.0190
H3_E73K_rw,A,H3,85,0.0284
H3_E73K_rw,A,H3,86,0.0269
H3_E73K_rw,A,H3,87,0.0139
H3_E73K_rw,A,H3,88,0.0117
H3_E73K_rw,A,H3,89,0.0098
H3_E73K_rw,A,H3,90,0.1005
H3_E73K_rw,A,H3,91,0.0666
H3_E73K_rw,A,H3,92,0.0825
H3_E73K_rw,B,H4,103,0.0270
H3_E73K_rw,B,H4,104,0.0097
H3_E73K_rw,B,H4,105,0.0277
H3_E73K_rw,B,H4,106,0.0443
H3_E73K_rw,B,H4,107,0.0183
H3_E73K_rw,B,H4,108,0.0036
H3_E73K_rw,B,H4,109,0.0303
H3_E73K_rw,B,H4,110,0.0254
H3_E73K_rw,B,H4,111,0.0127
H3_E73K_rw,B,H4,112,0.0104
H3_E73K_rw,B,H4,113,0.0111
H3_E73K_rw,B,H4,114,0.0104
H3_E73K_rw,B,H4,115,0.0099
H3_E73K_rw,B,H4,116,0.0069
H3_E73K_rw,B,H4,117,0.0094
H3_E73K_rw,B,H4,118,0.0138
H3_E73K_rw,B,H4,119,0.0106
H3_E73K_rw,B,H4,120,0.0138
H3_E73K_rw,B,H4,121,0.0029
H3_E73K_rw,B,H4,122,0.0074
H3_E73K_rw,B,H4,123,0.0051
H3_E73K_rw,B,H4,124,0.0122
H3_E73K_rw,B,H4,125,0.0162
H3_E73K_rw,B,H4,126,0.0224
H3_E73K_rw,B,H4,127,0.0304
H3_E73K_rw,B,H4,128,0.0791
H3_E73K_rw,B,H4,129,0.0850
H3_E73K_rw,B,H4,130,0.0568
H3_E73K_rw,B,H4,131,0.0524
H3_E73K_rw,B,H4,132,0.1031
H3_E73K_rw,B,H4,133,0.0912
H3_E73K_rw,B,H4,134,0.0133
H3_E73K_rw,B,H4,135,0.0126
H3_E73K_rw,B,H4,136,0.0211
H3_E73K_rw,B,H4,137,0.0297
H3_E73K_rw,B,H4,138,0.0089
H3_E73K_rw,B,H4,139,0.0168
H3_E73K_rw,B,H4,140,0.0178
H3_E73K_rw,B,H4,141,0.0179
H3_E73K_rw,B,H4,142,0.0212
H3_E73K_rw,B,H4,143,0.0133
H3_E73K_rw,B,H4,144,0.0113
H3_E73K_rw,B,H4,145,0.0101
H3_E73K_rw,B,H4,146,0.0137
H3_E73K_rw,B,H4,147,0.0084
H3_E73K_rw,B,H4,148,0.0164
H3_E73K_rw,B,H4,149,0.0184
H3_E73K_rw,B,H4,150,0.0290
H3_E73K_rw,B,H4,151,0.0170
H3_E73K_rw,B,H4,152,0.0290
H3_E73K_rw,B,H4,153,0.0100
H3_E73K_rw,B,H4,154,0.0113
H3_E73K_rw,B,H4,155,0.0062
H3_E73K_rw,B,H4,156,0.0048
H3_E73K_rw,B,H4,157,0.0075
H3_E73K_rw,B,H4,158,0.0114
H3_E73K_rw,B,H4,159,0.0066
H3_E73K_rw,B,H4,160,0.0139
H3_E73K_rw,B,H4,161,0.0091
H3_E73K_rw,B,H4,162,0.0223
H3_E73K_rw,B,H4,163,0.0236
H3_E73K_rw,B,H4,164,0.0434
H3_E73K_rw,B,H4,165,0.0257
H3_E73K_rw,B,H4,166,0.0172
H3_E73K_rw,B,H4,167,0.0642
H3_E73K_rw,B,H4,168,0.0806
H3_E73K_rw,B,H4,169,0.0797
H3_E73K_rw,B,H4,170,0.0180
H3_E105K_rw,A,H3,6,0.0239
H3_E105K_rw,A,H3,7,0.0111
H3_E105K_rw,A,H3,8,0.0096
H3_E105K_rw,A,H3,9,0.0102
H3_E105K_rw,A,H3,10,0.0119
H3_E105K_rw,A,H3,11,0.0095
H3_E105K_rw,A,H3,12,0.0040
H3_E105K_rw,A,H3,13,0.0017
H3_E105K_rw,A,H3,14,0.0019
H3_E105K_rw,A,H3,15,0.0070
H3_E105K_rw,A,H3,16,0.0050
H3_E105K_rw,A,H3,17,0.0094
H3_E105K_rw,A,H3,18,0.0071
H3_E105K_rw,A,H3,19,0.0075
H3_E105K_rw,A,H3,20,0.0084
H3_E105K_rw,A,H3,21,0.0103
H3_E105K_rw,A,H3,22,0.0043
H3_E105K_rw,A,H3,23,0.0070
H3_E105K_rw,A,H3,24,0.0052
H3_E105K_rw,A,H3,25,0.0160
H3_E105K_rw,A,H3,26,0.0231
H3_E105K_rw,A,H3,27,0.0185
H3_E105K_rw,A,H3,28,0.0129
H3_E105K_rw,A,H3,29,0.0178
H3_E105K_rw,A,H3,30,0.0127
H3_E105K_rw,A,H3,31,0.0203
H3_E105K_rw,A,H3,32,0.0236
H3_E105K_rw,A,H3,33,0.0237
H3_E105K_rw,A,H3,34,0.0121
H3_E105K_rw,A,H3,35,0.0044
H3_E105K_rw,A,H3,36,0.0142
H3_E105K_rw,A,H3,37,0.0146
H3_E105K_rw,A,H3,38,0.0086
H3_E105K_rw,A,H3,39,0.0159
H3_E105K_rw,A,H3,40,0.0612
H3_E105K_rw,A,H3,41,0.0555
H3_E105K_rw,A,H3,42,0.0148
H3_E105K_rw,A,H3,43,0.0104
H3_E105K_rw,A,H3,44,0.0329
H3_E105K_rw,A,H3,45,0.0010
H3_E105K_rw,A,H3,46,0.0154
H3_E105K_rw,A,H3,47,0.0186
H3_E105K_rw,A,H3,48,0.0057
H3_E105K_rw,A,H3,49,0.0187
H3_E105K_rw,A,H3,50,0.0054
H3_E105K_rw,A,H3,51,0.0045
H3_E105K_rw,A,H3,52,0.0077
H3_E105K_rw,A,H3,53,0.0045
H3_E105K_rw,A,H3,54,0.0047
H3_E105K_rw,A,H3,55,0.0057
H3_E105K_rw,A,H3,56,0.0091
H3_E105K_rw,A,H3,57,0.0149
H3_E105K_rw,A,H3,58,0.0136
H3_E105K_rw,A,H3,59,0.0063
H3_E105K_rw,A,H3,60,0.0065
H3_E105K_rw,A,H3,61,0.0099
H3_E105K_rw,A,H3,62,0.0076
H3_E105K_rw,A,H3,63,0.0062
H3_E105K_rw,A,H3,64,0.0081
H3_E105K_rw,A,H3,65,0.0110
H3_E105K_rw,A,H3,66,0.0152
H3_E105K_rw,A,H3,67,0.0070
H3_E105K_rw,A,H3,68,0.0050
H3_E105K_rw,A,H3,69,0.0058
H3_E105K_rw,A,H3,70,0.0078
H3_E105K_rw,A,H3,71,0.0031
H3_E105K_rw,A,H3,72,0.0026
H3_E105K_rw,A,H3,73,0.0036
H3_E105K_rw,A,H3,74,0.0038
H3_E105K_rw,A,H3,75,0.0109
H3_E105K_rw,A,H3,76,0.0139
H3_E105K_rw,A,H3,77,0.0041
H3_E105K_rw,A,H3,78,0.0063
H3_E105K_rw,A,H3,79,0.0038
H3_E105K_rw,A,H3,80,0.0043
H3_E105K_rw,A,H3,81,0.0097
H3_E105K_rw,A,H3,82,0.0014
H3_E105K_rw,A,H3,83,0.0066
H3_E105K_rw,A,H3,84,0.0056
H3_E105K_rw,A,H3,85,0.0028
H3_E105K_rw,A,H3,86,0.0032
H3_E105K_rw,A,H3,87,0.0046
H3_E105K_rw,A,H3,88,0.0066
H3_E105K_rw,A,H3,89,0.0052
H3_E105K_rw,A,H3,90,0.0085
H3_E105K_rw,A,H3,91,0.0261
H3_E105K_rw,A,H3,92,0.0465
H3_E105K_rw,B,H4,103,0.0421
H3_E105K_rw,B,H4,104,0.0119
H3_E105K_rw,B,H4,105,0.0397
H3_E105K_rw,B,H4,106,0.0339
H3_E105K_rw,B,H4,107,0.0079
H3_E105K_rw,B,H4,108,0.0038
H3_E105K_rw,B,H4,109,0.0182
H3_E105K_rw,B,H4,110,0.0259
H3_E105K_rw,B,H4,111,0.0069
H3_E105K_rw,B,H4,112,0.0065
H3_E105K_rw,B,H4,113,0.0073
H3_E105K_rw,B,H4,114,0.0021
H3_E105K_rw,B,H4,115,0.0144
H3_E105K_rw,B,H4,116,0.0091
H3_E105K_rw,B,H4,117,0.0100
H3_E105K_rw,B,H4,118,0.0072
H3_E105K_rw,B,H4,119,0.0001
H3_E105K_rw,B,H4,120,0.0078
H3_E105K_rw,B,H4,121,0.0032
H3_E105K_rw,B,H4,122,0.0155
H3_E105K_rw,B,H4,123,0.0089
H3_E105K_rw,B,H4,124,0.0116
H3_E105K_rw,B,H4,125,0.0180
H3_E105K_rw,B,H4,126,0.0068
H3_E105K_rw,B,H4,127,0.0102
H3_E105K_rw,B,H4,128,0.0208
H3_E105K_rw,B,H4,129,0.0159
H3_E105K_rw,B,H4,130,0.0085
H3_E105K_rw,B,H4,131,0.0161
H3_E105K_rw,B,H4,132,0.0156
H3_E105K_rw,B,H4,133,0.0147
H3_E105K_rw,B,H4,134,0.0084
H3_E105K_rw,B,H4,135,0.0216
H3_E105K_rw,B,H4,136,0.0213
H3_E105K_rw,B,H4,137,0.0108
H3_E105K_rw,B,H4,138,0.0034
H3_E105K_rw,B,H4,139,0.0054
H3_E105K_rw,B,H4,140,0.0141
H3_E105K_rw,B,H4,141,0.0091
H3_E105K_rw,B,H4,142,0.0081
H3_E105K_rw,B,H4,143,0.0153
H3_E105K_rw,B,H4,144,0.0151
H3_E105K_rw,B,H4,145,0.0131
H3_E105K_rw,B,H4,146,0.0109
H3_E105K_rw,B,H4,147,0.0345
H3_E105K_rw,B,H4,148,0.0461
H3_E105K_rw,B,H4,149,0.0240
H3_E105K_rw,B,H4,150,0.0164
H3_E105K_rw,B,H4,151,0.0167
H3_E105K_rw,B,H4,152,0.0177
H3_E105K_rw,B,H4,153,0.0126
H3_E105K_rw,B,H4,154,0.0129
H3_E105K_rw,B,H4,155,0.0135
H3_E105K_rw,B,H4,156,0.0115
H3_E105K_rw,B,H4,157,0.0040
H3_E105K_rw,B,H4,158,0.0043
H3_E105K_rw,B,H4,159,0.0066
H3_E105K_rw,B,H4,160,0.0074
H3_E105K_rw,B,H4,161,0.0070
H3_E105K_rw,B,H4,162,0.0107
H3_E105K_rw,B,H4,163,0.0120
H3_E105K_rw,B,H4,164,0.0224
H3_E105K_rw,B,H4,165,0.0290
H3_E105K_rw,B,H4,166,0.0703
H3_E105K_rw,B,H4,167,0.0670
H3_E105K_rw,B,H4,168,0.0219
H3_E105K_rw,B,H4,169,0.0122
H3_E105K_rw,B,H4,170,0.0251
WT_rw,A,H3,6,0.0361
WT_rw,A,H3,7,0.0173
WT_rw,A,H3,8,0.0222
WT_rw,A,H3,9,0.0182
WT_rw,A,H3,10,0.0109
WT_rw,A,H3,11,0.0121
WT_rw,A,H3,12,0.0116
WT_rw,A,H3,13,0.0146
WT_rw,A,H3,14,0.0010
WT_rw,A,H3,15,0.0086
WT_rw,A,H3,16,0.0103
WT_rw,A,H3,17,0.0084
WT_rw,A,H3,18,0.0037
WT_rw,A,H3,19,0.0119
WT_rw,A,H3,20,0.0117
WT_rw,A,H3,21,0.0120
WT_rw,A,H3,22,0.0030
WT_rw,A,H3,23,0.0060
WT_rw,A,H3,24,0.0124
WT_rw,A,H3,25,0.0075
WT_rw,A,H3,26,0.0155
WT_rw,A,H3,27,0.0088
WT_rw,A,H3,28,0.0136
WT_rw,A,H3,29,0.0163
WT_rw,A,H3,30,0.0028
WT_rw,A,H3,31,0.0089
WT_rw,A,H3,32,0.0061
WT_rw,A,H3,33,0.0131
WT_rw,A,H3,34,0.0110
WT_rw,A,H3,35,0.0073
WT_rw,A,H3,36,0.0090
WT_rw,A,H3,37,0.0121
WT_rw,A,H3,38,0.0131
WT_rw,A,H3,39,0.0116
WT_rw,A,H3,40,0.0189
WT_rw,A,H3,41,0.0271
WT_rw,A,H3,42,0.0190
WT_rw,A,H3,43,0.0182
WT_rw,A,H3,44,0.0056
WT_rw,A,H3,45,0.0230
WT_rw,A,H3,46,0.0163
WT_rw,A,H3,47,0.0178
WT_rw,A,H3,48,0.0142
WT_rw,A,H3,49,0.0117
WT_rw,A,H3,50,0.0164
WT_rw,A,H3,51,0.0205
WT_rw,A,H3,52,0.0095
WT_rw,A,H3,53,0.0154
WT_rw,A,H3,54,0.0138
WT_rw,A,H3,55,0.0076
WT_rw,A,H3,56,0.0084
WT_rw,A,H3,57,0.0113
WT_rw,A,H3,58,0.0039
WT_rw,A,H3,59,0.0039
WT_rw,A,H3,60,0.0072
WT_rw,A,H3,61,0.0038
WT_rw,A,H3,62,0.0078
WT_rw,A,H3,63,0.0088
WT_rw,A,H3,64,0.0061
WT_rw,A,H3,65,0.0082
WT_rw,A,H3,66,0.0045
WT_rw,A,H3,67,0.0067
WT_rw,A,H3,68,0.0176
WT_rw,A,H3,69,0.0325
WT_rw,A,H3,70,0.0197
WT_rw,A,H3,71,0.0152
WT_rw,A,H3,72,0.0179
WT_rw,A,H3,73,0.0149
WT_rw,A,H3,74,0.0069
WT_rw,A,H3,75,0.0093
WT_rw,A,H3,76,0.0171
WT_rw,A,H3,77,0.0108
WT_rw,A,H3,78,0.0166
WT_rw,A,H3,79,0.0131
WT_rw,A,H3,80,0.0190
WT_rw,A,H3,81,0.0174
WT_rw,A,H3,82,0.0141
WT_rw,A,H3,83,0.0112
WT_rw,A,H3,84,0.0241
WT_rw,A,H3,85,0.0302
WT_rw,A,H3,86,0.0177
WT_rw,A,H3,87,0.0261
WT_rw,A,H3,88,0.0257
WT_rw,A,H3,89,0.0228
WT_rw,A,H3,90,0.0548
WT_rw,A,H3,91,0.0561
WT_rw,A,H3,92,0.0607
WT_rw,B,H4,103,0.0101
WT_rw,B,H4,104,0.0071
WT_rw,B,H4,105,0.0219
WT_rw,B,H4,106,0.0365
WT_rw,B,H4,107,0.0112
WT_rw,B,H4,108,0.0042
WT_rw,B,H4,109,0.0096
WT_rw,B,H4,110,0.0249
WT_rw,B,H4,111,0.0193
WT_rw,B,H4,112,0.0066
WT_rw,B,H4,113,0.0028
WT_rw,B,H4,114,0.0073
WT_rw,B,H4,115,0.0063
WT_rw,B,H4,116,0.0040
WT_rw,B,H4,117,0.0072
WT_rw,B,H4,118,0.0087
WT_rw,B,H4,119,0.0090
WT_rw,B,H4,120,0.0052
WT_rw,B,H4,121,0.0167
WT_rw,B,H4,122,0.0165
WT_rw,B,H4,123,0.0154
WT_rw,B,H4,124,0.0077
WT_rw,B,H4,125,0.0103
WT_rw,B,H4,126,0.0132
WT_rw,B,H4,127,0.0078
WT_rw,B,H4,128,0.0045
WT_rw,B,H4,129,0.0090
WT_rw,B,H4,130,0.0168
WT_rw,B,H4,131,0.0165
WT_rw,B,H4,132,0.0161
WT_rw,B,H4,133,0.0229
WT_rw,B,H4,134,0.0247
WT_rw,B,H4,135,0.0211
WT_rw,B,H4,136,0.0239
WT_rw,B,H4,137,0.0076
WT_rw,B,H4,138,0.0069
WT_rw,B,H4,139,0.0083
WT_rw,B,H4,140,0.0193
WT_rw,B,H4,141,0.0140
WT_rw,B,H4,142,0.0016
WT_rw,B,H4,143,0.0078
WT_rw,B,H4,144,0.0060
WT_rw,B,H4,145,0.0060
WT_rw,B,H4,146,0.0041
WT_rw,B,H4,147,0.0014
WT_rw,B,H4,148,0.0143
WT_rw,B,H4,149,0.0028
WT_rw,B,H4,150,0.0024
WT_rw,B,H4,151,0.0171
WT_rw,B,H4,152,0.0167
WT_rw,B,H4,153,0.0067
WT_rw,B,H4,154,0.0071
WT_rw,B,H4,155,0.0078
WT_rw,B,H4,156,0.0075
WT_rw,B,H4,157,0.0082
WT_rw,B,H4,158,0.0023
WT_rw,B,H4,159,0.0044
WT_rw,B,H4,160,0.0154
WT_rw,B,H4,161,0.0178
WT_rw,B,H4,162,0.0137
WT_rw,B,H4,163,0.0145
WT_rw,B,H4,164,0.0229
WT_rw,B,H4,165,0.0506
WT_rw,B,H4,166,0.0806
WT_rw,B,H4,167,0.0470
WT_rw,B,H4,168,0.0643
WT_rw,B,H4,169,0.0459
WT_rw,B,H4,170,0.0228
WT_rw,C,H2A,181,0.0025
WT_rw,C,H2A,182,0.0146
WT_rw,C,H2A,183,0.0139
WT_rw,C,H2A,184,0.0182
WT_rw,C,H2A,185,0.0053
WT_rw,C,H2A,186,0.0070
WT_rw,C,H2A,187,0.0170
WT_rw,C,H2A,188,0.0179
WT_rw,C,H2A,189,0.0169
WT_rw,C,H2A,190,0.0099
WT_rw,C,H2A,191,0.0055
WT_rw,C,H2A,192,0.0027
WT_rw,C,H2A,193,0.0045
WT_rw,C,H2A,194,0.0116
WT_rw,C,H2A,195,0.0087
WT_rw,C,H2A,196,0.0215
WT_rw,C,H2A,197,0.0255
WT_rw,C,H2A,198,0.0353
WT_rw,C,H2A,199,0.0990
WT_rw,C,H2A,200,0.0245
WT_rw,C,H2A,201,0.1398
WT_rw,C,H2A,202,0.0712
WT_rw,C,H2A,203,0.1598
WT_rw,C,H2A,204,0.0571
WT_rw,C,H2A,205,0.0500
WT_rw,C,H2A,206,0.0482
WT_rw,C,H2A,207,0.2161
WT_rw,C,H2A,208,0.0272
WT_rw,C,H2A,209,0.0298
WT_rw,C,H2A,210,0.0132
WT_rw,C,H2A,211,0.0118
WT_rw,C,H2A,212,0.0165
WT_rw,C,H2A,213,0.0184
WT_rw,C,H2A,214,0.0046
WT_rw,C,H2A,215,0.0130
WT_rw,C,H2A,216,0.0152
WT_rw,C,H2A,217,0.0074
WT_rw,C,H2A,218,0.0096
WT_rw,C,H2A,219,0.0175
WT_rw,C,H2A,220,0.0114
WT_rw,C,H2A,221,0.0185
WT_rw,C,H2A,222,0.0098
WT_rw,C,H2A,223,0.0042
WT_rw,C,H2A,224,0.0071
WT_rw,C,H2A,225,0.0050
WT_rw,C,H2A,226,0.0034
WT_rw,C,H2A,227,0.0086
WT_rw,C,H2A,228,0.0086
WT_rw,C,H2A,229,0.0108
WT_rw,C,H2A,230,0.0157
WT_rw,C,H2A,231,0.0101
WT_rw,C,H2A,232,0.0035
WT_rw,C,H2A,233,0.0067
WT_rw,C,H2A,234,0.0125
WT_rw,C,H2A,235,0.0098
WT_rw,C,H2A,236,0.0099
WT_rw,C,H2A,237,0.0092
WT_rw,C,H2A,238,0.0210
WT_rw,C,H2A,239,0.0031
WT_rw,C,H2A,240,0.0011
WT_rw,C,H2A,241,0.0045
WT_rw,C,H2A,242,0.0103
WT_rw,C,H2A,243,0.0284
WT_rw,C,H2A,244,0.0176
WT_rw,C,H2A,245,0.0162
WT_rw,C,H2A,246,0.0427
WT_rw,C,H2A,247,0.0706
WT_rw,C,H2A,248,0.0517
WT_rw,C,H2A,249,0.0935
WT_rw,C,H2A,250,0.0360
WT_rw,C,H2A,251,0.0183
WT_rw,C,H2A,252,0.1189
WT_rw,C,H2A,253,0.2014
WT_rw,C,H2A,254,0.2754
WT_rw,C,H2A,255,0.2234
WT_rw,C,H2A,256,0.1444
WT_rw,C,H2A,257,0.2038
WT_rw,C,H2A,258,0.2374
WT_rw,C,H2A,259,0.2107
WT_rw,C,H2A,260,0.0622
WT_rw,C,H2A,261,0.3657
WT_rw,C,H2A,262,0.1262
WT_rw,C,H2A,263,0.0329
WT_rw,C,H2A,264,0.0091
WT_rw,C,H2A,265,0.0147
WT_rw,C,H2A,266,0.0053
WT_rw,C,H2A,267,0.0188
WT_rw,C,H2A,268,0.0446
WT_rw,C,H2A,269,0.0293
WT_rw,C,H2A,270,0.0438
WT_rw,C,H2A,271,0.0289
WT_rw,C,H2A,272,0.0200
WT_rw,C,H2A,273,0.0275
WT_rw,C,H2A,274,0.0145
WT_rw,C,H2A,275,0.0127
WT_rw,D,H2B,286,0.0693
WT_rw,D,H2B,287,0.0231
WT_rw,D,H2B,288,0.0467
WT_rw,D,H2B,289,0.0527
WT_rw,D,H2B,290,0.0511
WT_rw,D,H2B,291,0.0262
WT_rw,D,H2B,292,0.0349
WT_rw,D,H2B,293,0.0468
WT_rw,D,H2B,294,0.0225
WT_rw,D,H2B,295,0.0095
WT_rw,D,H2B,296,0.0091
WT_rw,D,H2B,297,0.0169
WT_rw,D,H2B,298,0.0206
WT_rw,D,H2B,299,0.0068
WT_rw,D,H2B,300,0.0098
WT_rw,D,H2B,301,0.0444
WT_rw,D,H2B,302,0.0117
WT_rw,D,H2B,303,0.0219
WT_rw,D,H2B,304,0.0242
WT_rw,D,H2B,305,0.0210
WT_rw,D,H2B,306,0.0338
WT_rw,D,H2B,307,0.0422
WT_rw,D,H2B,308,0.0524
WT_rw,D,H2B,309,0.0449
WT_rw,D,H2B,310,0.0350
WT_rw,D,H2B,311,0.0490
WT_rw,D,H2B,312,0.0453
WT_rw,D,H2B,313,0.0346
WT_rw,D,H2B,314,0.0292
WT_rw,D,H2B,315,0.0345
WT_rw,D,H2B,316,0.0221
WT_rw,D,H2B,317,0.0190
WT_rw,D,H2B,318,0.0153
WT_rw,D,H2B,319,0.0258
WT_rw,D,H2B,320,0.0250
WT_rw,D,H2B,321,0.0270
WT_rw,D,H2B,322,0.0364
WT_rw,D,H2B,323,0.0416
WT_rw,D,H2B,324,0.0287
WT_rw,D,H2B,325,0.0323
WT_rw,D,H2B,326,0.0393
WT_rw,D,H2B,327,0.0360
WT_rw,D,H2B,328,0.0298
WT_rw,D,H2B,329,0.0421
WT_rw,D,H2B,330,0.0534
WT_rw,D,H2B,331,0.0453
WT_rw,D,H2B,332,0.0254
WT_rw,D,H2B,333,0.0363
WT_rw,D,H2B,334,0.0254
WT_rw,D,H2B,335,0.0197
WT_rw,D,H2B,336,0.0319
WT_rw,D,H2B,337,0.0246
WT_rw,D,H2B,338,0.0444
WT_rw,D,H2B,339,0.0230
WT_rw,D,H2B,340,0.0212
WT_rw,D,H2B,341,0.0180
WT_rw,D,H2B,342,0.0220
WT_rw,D,H2B,343,0.0411
WT_rw,D,H2B,344,0.0415
WT_rw,D,H2B,345,0.0209
WT_rw,D,H2B,346,0.0300
WT_rw,D,H2B,347,0.0400
WT_rw,D,H2B,348,0.0343
WT_rw,D,H2B,349,0.0341
WT_rw,D,H2B,350,0.0311
WT_rw,D,H2B,351,0.0332
WT_rw,D,H2B,352,0.0296
WT_rw,D,H2B,353,0.0784
WT_rw,D,H2B,354,0.1365
WT_rw,D,H2B,355,0.0746
WT_rw,D,H2B,356,0.0938
WT_rw,D,H2B,357,0.0659
WT_rw,D,H2B,358,0.0477
WT_rw,D,H2B,359,0.0414
WT_rw,D,H2B,360,0.0304
WT_rw,D,H2B,361,0.0319
WT_rw,D,H2B,362,0.0293
WT_rw,D,H2B,363,0.0336
WT_rw,D,H2B,364,0.0275
WT_rw,D,H2B,365,0.0263
WT_rw,D,H2B,366,0.0318
WT_rw,D,H2B,367,0.0366
WT_rw,D,H2B,368,0.0354
WT_rw,D,H2B,369,0.0301
WT_rw,D,H2B,370,0.0280
WT_rw,D,H2B,371,0.0373
