system,chain,histone,run,trim,n_residues,PCC_100_300_vs_300_500,RMSD_100_300_vs_300_500,mean_100_300,mean_300_500,delta_mean
WT_rw,A,H3,run1,N5_C5,87,0.9204,0.0509,0.4879,0.4609,-0.0270
WT_rw,A,H3,run2,N5_C5,87,0.9384,0.0450,0.4647,0.4366,-0.0281
WT_rw,A,H3,run3,N5_C5,87,0.9257,0.0436,0.4951,0.4813,-0.0137
WT_rw,B,H4,run1,N5_C5,68,0.7435,0.0714,0.4587,0.4260,-0.0327
WT_rw,B,H4,run2,N5_C5,68,0.8897,0.0496,0.4456,0.4220,-0.0236
WT_rw,B,H4,run3,N5_C5,68,0.9142,0.0455,0.4493,0.4567,0.0074
WT_rw,C,H2A,run1,N5_C5,95,0.7986,0.1309,0.6229,0.6006,-0.0222
WT_rw,C,H2A,run2,N5_C5,95,0.9013,0.1366,0.6821,0.6255,-0.0566
WT_rw,C,H2A,run3,N5_C5,95,0.9233,0.0761,0.5832,0.5976,0.0144
WT_rw,D,H2B,run1,N5_C5,86,0.6764,0.1027,0.5572,0.5173,-0.0398
WT_rw,D,H2B,run2,N5_C5,86,0.8329,0.0810,0.6018,0.5882,-0.0136
WT_rw,D,H2B,run3,N5_C5,86,0.9395,0.0439,0.5183,0.5281,0.0098
R29Q_rw,C,H2A,run1,N5_C5,95,0.7830,0.1255,0.5840,0.5770,-0.0071
R29Q_rw,C,H2A,run2,N5_C5,95,0.9788,0.1013,0.9796,1.0005,0.0209
R29Q_rw,C,H2A,run3,N5_C5,95,0.8320,0.1053,0.5656,0.5873,0.0217
R29Q_rw,D,H2B,run1,N5_C5,86,0.5869,0.2122,0.6465,0.5566,-0.0900
R29Q_rw,D,H2B,run2,N5_C5,86,0.4336,0.2607,0.6794,0.5550,-0.1244
R29Q_rw,D,H2B,run3,N5_C5,86,0.9034,0.0675,0.5512,0.5193,-0.0319
E56K_rw,C,H2A,run1,N5_C5,95,0.9255,0.1386,0.5834,0.6788,0.0955
E56K_rw,C,H2A,run2,N5_C5,95,0.5299,0.3389,0.7131,0.5534,-0.1597
E56K_rw,C,H2A,run3,N5_C5,95,0.8048,0.2066,0.7152,0.7865,0.0713
E56K_rw,D,H2B,run1,N5_C5,86,0.8714,0.0875,0.5885,0.5289,-0.0596
E56K_rw,D,H2B,run2,N5_C5,86,0.8301,0.0887,0.5648,0.5704,0.0056
E56K_rw,D,H2B,run3,N5_C5,86,0.7694,0.1550,0.6285,0.7029,0.0744
K74N_rw,C,H2A,run1,N5_C5,95,0.9047,0.1240,0.6395,0.6795,0.0400
K74N_rw,C,H2A,run2,N5_C5,95,0.9234,0.1042,0.6645,0.6386,-0.0259
K74N_rw,C,H2A,run3,N5_C5,95,0.7402,0.2176,0.6526,0.6873,0.0346
K74N_rw,D,H2B,run1,N5_C5,86,0.7624,0.1326,0.6091,0.5173,-0.0918
K74N_rw,D,H2B,run2,N5_C5,86,0.8743,0.1064,0.5957,0.5198,-0.0759
K74N_rw,D,H2B,run3,N5_C5,86,0.9246,0.0650,0.5646,0.5315,-0.0331
F70L_rw,C,H2A,run1,N5_C5,95,0.9622,0.0729,0.6240,0.6372,0.0132
F70L_rw,C,H2A,run2,N5_C5,95,0.9357,0.0900,0.6832,0.6559,-0.0274
F70L_rw,C,H2A,run3,N5_C5,95,0.5831,0.2132,0.5959,0.5451,-0.0508
F70L_rw,D,H2B,run1,N5_C5,86,0.8189,0.0998,0.5734,0.6156,0.0422
F70L_rw,D,H2B,run2,N5_C5,86,0.8235,0.1010,0.5545,0.6093,0.0548
F70L_rw,D,H2B,run3,N5_C5,86,0.9421,0.0497,0.5302,0.4968,-0.0334
E50K_rw,A,H3,run1,N5_C5,87,0.9357,0.0378,0.4547,0.4522,-0.0025
E50K_rw,A,H3,run2,N5_C5,87,0.9031,0.0470,0.4815,0.4707,-0.0108
E50K_rw,A,H3,run3,N5_C5,87,0.9229,0.0400,0.4804,0.4792,-0.0011
E50K_rw,B,H4,run1,N5_C5,68,0.8507,0.0998,0.4299,0.4444,0.0144
E50K_rw,B,H4,run2,N5_C5,68,0.7633,0.1921,0.4909,0.4303,-0.0606
E50K_rw,B,H4,run3,N5_C5,68,0.9193,0.0384,0.4376,0.4388,0.0012
E73K_rw,A,H3,run1,N5_C5,87,0.9559,0.0850,0.5290,0.4580,-0.0709
E73K_rw,A,H3,run2,N5_C5,87,0.8835,0.0888,0.4716,0.5114,0.0398
E73K_rw,A,H3,run3,N5_C5,87,0.7992,0.0914,0.4924,0.5258,0.0334
E73K_rw,B,H4,run1,N5_C5,68,0.8121,0.0635,0.4636,0.4406,-0.0230
E73K_rw,B,H4,run2,N5_C5,68,0.8890,0.0594,0.4547,0.4768,0.0221
E73K_rw,B,H4,run3,N5_C5,68,0.8679,0.1261,0.5298,0.4289,-0.1009
E105K_rw,A,H3,run1,N5_C5,87,0.9518,0.0378,0.4539,0.4439,-0.0100
E105K_rw,A,H3,run2,N5_C5,87,0.9575,0.0430,0.4601,0.4833,0.0232
E105K_rw,A,H3,run3,N5_C5,87,0.9453,0.0355,0.4622,0.4662,0.0039
E105K_rw,B,H4,run1,N5_C5,68,0.9462,0.0509,0.4470,0.4203,-0.0267
E105K_rw,B,H4,run2,N5_C5,68,0.9308,0.0491,0.4281,0.4612,0.0331
E105K_rw,B,H4,run3,N5_C5,68,0.8897,0.0554,0.4225,0.4536,0.0311
