system,chain,histone,pair,PCC
H2A_R29Q_rw,C,H2A,run1_vs_run2,0.5722
H2A_R29Q_rw,C,H2A,run1_vs_run3,0.6355
H2A_R29Q_rw,C,H2A,run2_vs_run3,0.4967
H2A_R29Q_rw,D,H2B,run1_vs_run2,0.8298
H2A_R29Q_rw,D,H2B,run1_vs_run3,0.2524
H2A_R29Q_rw,D,H2B,run2_vs_run3,0.6127
H2A_E56K_rw,C,H2A,run1_vs_run2,0.8374
H2A_E56K_rw,C,H2A,run1_vs_run3,0.8679
H2A_E56K_rw,C,H2A,run2_vs_run3,0.7064
H2A_E56K_rw,D,H2B,run1_vs_run2,0.7552
H2A_E56K_rw,D,H2B,run1_vs_run3,0.6813
H2A_E56K_rw,D,H2B,run2_vs_run3,0.7136
H2A_K74N_rw,C,H2A,run1_vs_run2,0.9186
H2A_K74N_rw,C,H2A,run1_vs_run3,0.8130
H2A_K74N_rw,C,H2A,run2_vs_run3,0.7881
H2A_K74N_rw,D,H2B,run1_vs_run2,0.8805
H2A_K74N_rw,D,H2B,run1_vs_run3,0.8393
H2A_K74N_rw,D,H2B,run2_vs_run3,0.8476
H2B_E105K_rw,C,H2A,run1_vs_run2,0.6354
H2B_E105K_rw,C,H2A,run1_vs_run3,0.8363
H2B_E105K_rw,C,H2A,run2_vs_run3,0.6047
H2B_E105K_rw,D,H2B,run1_vs_run2,0.9048
H2B_E105K_rw,D,H2B,run1_vs_run3,0.8322
H2B_E105K_rw,D,H2B,run2_vs_run3,0.7546
H2B_F70L_rw,C,H2A,run1_vs_run2,0.8914
H2B_F70L_rw,C,H2A,run1_vs_run3,0.7835
H2B_F70L_rw,C,H2A,run2_vs_run3,0.9372
H2B_F70L_rw,D,H2B,run1_vs_run2,0.8030
H2B_F70L_rw,D,H2B,run1_vs_run3,0.7259
H2B_F70L_rw,D,H2B,run2_vs_run3,0.8287
H3_E50K_rw,A,H3,run1_vs_run2,0.8953
H3_E50K_rw,A,H3,run1_vs_run3,0.9112
H3_E50K_rw,A,H3,run2_vs_run3,0.9470
H3_E50K_rw,B,H4,run1_vs_run2,0.9243
H3_E50K_rw,B,H4,run1_vs_run3,0.8503
H3_E50K_rw,B,H4,run2_vs_run3,0.8294
H3_E73K_rw,A,H3,run1_vs_run2,0.9407
H3_E73K_rw,A,H3,run1_vs_run3,0.8679
H3_E73K_rw,A,H3,run2_vs_run3,0.8539
H3_E73K_rw,B,H4,run1_vs_run2,0.8863
H3_E73K_rw,B,H4,run1_vs_run3,0.6587
H3_E73K_rw,B,H4,run2_vs_run3,0.7316
H3_E105K_rw,A,H3,run1_vs_run2,0.9557
H3_E105K_rw,A,H3,run1_vs_run3,0.9529
H3_E105K_rw,A,H3,run2_vs_run3,0.9657
H3_E105K_rw,B,H4,run1_vs_run2,0.8986
H3_E105K_rw,B,H4,run1_vs_run3,0.8354
H3_E105K_rw,B,H4,run2_vs_run3,0.9272
WT_rw,A,H3,run1_vs_run2,0.9637
WT_rw,A,H3,run1_vs_run3,0.9165
WT_rw,A,H3,run2_vs_run3,0.9200
WT_rw,B,H4,run1_vs_run2,0.8378
WT_rw,B,H4,run1_vs_run3,0.8951
WT_rw,B,H4,run2_vs_run3,0.9016
WT_rw,C,H2A,run1_vs_run2,0.6842
WT_rw,C,H2A,run1_vs_run3,0.8262
WT_rw,C,H2A,run2_vs_run3,0.7674
WT_rw,D,H2B,run1_vs_run2,0.8027
WT_rw,D,H2B,run1_vs_run3,0.8757
WT_rw,D,H2B,run2_vs_run3,0.8837
