system,run,end,threshold_A,n_segments,segment_start_ns,segment_end_ns,segment_duration_ns,segment_n_frames,total_unwrapped_frames,total_unwrapped_fraction
H2AR29Q,run1,end1,10.0,0,,,,,0,0.000
H2AR29Q,run1,end1,12.0,0,,,,,0,0.000
H2AR29Q,run1,end2,10.0,0,,,,,0,0.000
H2AR29Q,run1,end2,12.0,0,,,,,0,0.000
H2AR29Q,run2,end1,10.0,0,,,,,0,0.000
H2AR29Q,run2,end1,12.0,0,,,,,0,0.000
H2AR29Q,run2,end2,10.0,0,,,,,0,0.000
H2AR29Q,run2,end2,12.0,0,,,,,0,0.000
H2AR29Q,run3,end1,10.0,0,,,,,0,0.000
H2AR29Q,run3,end1,12.0,0,,,,,0,0.000
H2AR29Q,run3,end2,10.0,0,,,,,0,0.000
H2AR29Q,run3,end2,12.0,0,,,,,0,0.000
H2AE56K,run1,end1,10.0,0,,,,,0,0.000
H2AE56K,run1,end1,12.0,0,,,,,0,0.000
H2AE56K,run1,end2,10.0,0,,,,,0,0.000
H2AE56K,run1,end2,12.0,0,,,,,0,0.000
H2AE56K,run2,end1,10.0,0,,,,,0,0.000
H2AE56K,run2,end1,12.0,0,,,,,0,0.000
H2AE56K,run2,end2,10.0,0,,,,,0,0.000
H2AE56K,run2,end2,12.0,0,,,,,0,0.000
H2AE56K,run3,end1,10.0,0,,,,,0,0.000
H2AE56K,run3,end1,12.0,0,,,,,0,0.000
H2AE56K,run3,end2,10.0,0,,,,,0,0.000
H2AE56K,run3,end2,12.0,0,,,,,0,0.000
H2AK74N,run1,end1,10.0,0,,,,,0,0.000
H2AK74N,run1,end1,12.0,0,,,,,0,0.000
H2AK74N,run1,end2,10.0,2,253.0,298.0,45.0,46,89,0.223
H2AK74N,run1,end2,10.0,2,427.0,469.0,42.0,43,89,0.223
H2AK74N,run1,end2,12.0,2,266.0,295.0,29.0,30,65,0.163
H2AK74N,run1,end2,12.0,2,435.0,469.0,34.0,35,65,0.163
H2AK74N,run2,end1,10.0,0,,,,,0,0.000
H2AK74N,run2,end1,12.0,0,,,,,0,0.000
H2AK74N,run2,end2,10.0,0,,,,,0,0.000
H2AK74N,run2,end2,12.0,0,,,,,0,0.000
H2AK74N,run3,end1,10.0,3,322.0,379.0,57.0,58,170,0.425
H2AK74N,run3,end1,10.0,3,383.0,416.0,33.0,34,170,0.425
H2AK74N,run3,end1,10.0,3,422.0,499.0,77.0,78,170,0.425
H2AK74N,run3,end1,12.0,2,322.0,368.0,46.0,47,64,0.160
H2AK74N,run3,end1,12.0,2,483.0,499.0,16.0,17,64,0.160
H2AK74N,run3,end2,10.0,0,,,,,0,0.000
H2AK74N,run3,end2,12.0,0,,,,,0,0.000
H2BF70L,run1,end1,10.0,0,,,,,0,0.000
H2BF70L,run1,end1,12.0,0,,,,,0,0.000
H2BF70L,run1,end2,10.0,0,,,,,0,0.000
H2BF70L,run1,end2,12.0,0,,,,,0,0.000
H2BF70L,run2,end1,10.0,0,,,,,0,0.000
H2BF70L,run2,end1,12.0,0,,,,,0,0.000
H2BF70L,run2,end2,10.0,0,,,,,0,0.000
H2BF70L,run2,end2,12.0,0,,,,,0,0.000
H2BF70L,run3,end1,10.0,0,,,,,0,0.000
H2BF70L,run3,end1,12.0,0,,,,,0,0.000
H2BF70L,run3,end2,10.0,1,262.0,276.0,14.0,15,15,0.037
H2BF70L,run3,end2,12.0,0,,,,,0,0.000
H3E50K,run1,end1,10.0,0,,,,,0,0.000
H3E50K,run1,end1,12.0,0,,,,,0,0.000
H3E50K,run1,end2,10.0,0,,,,,0,0.000
H3E50K,run1,end2,12.0,0,,,,,0,0.000
H3E50K,run2,end1,10.0,0,,,,,0,0.000
H3E50K,run2,end1,12.0,0,,,,,0,0.000
H3E50K,run2,end2,10.0,0,,,,,0,0.000
H3E50K,run2,end2,12.0,0,,,,,0,0.000
H3E50K,run3,end1,10.0,0,,,,,0,0.000
H3E50K,run3,end1,12.0,0,,,,,0,0.000
H3E50K,run3,end2,10.0,0,,,,,0,0.000
H3E50K,run3,end2,12.0,0,,,,,0,0.000
H3E73K,run1,end1,10.0,0,,,,,0,0.000
H3E73K,run1,end1,12.0,0,,,,,0,0.000
H3E73K,run1,end2,10.0,0,,,,,0,0.000
H3E73K,run1,end2,12.0,0,,,,,0,0.000
H3E73K,run2,end1,10.0,0,,,,,0,0.000
H3E73K,run2,end1,12.0,0,,,,,0,0.000
H3E73K,run2,end2,10.0,0,,,,,0,0.000
H3E73K,run2,end2,12.0,0,,,,,0,0.000
H3E73K,run3,end1,10.0,0,,,,,0,0.000
H3E73K,run3,end1,12.0,0,,,,,0,0.000
H3E73K,run3,end2,10.0,0,,,,,0,0.000
H3E73K,run3,end2,12.0,0,,,,,0,0.000
H3E105K,run1,end1,10.0,0,,,,,0,0.000
H3E105K,run1,end1,12.0,0,,,,,0,0.000
H3E105K,run1,end2,10.0,0,,,,,0,0.000
H3E105K,run1,end2,12.0,0,,,,,0,0.000
H3E105K,run2,end1,10.0,0,,,,,0,0.000
H3E105K,run2,end1,12.0,0,,,,,0,0.000
H3E105K,run2,end2,10.0,0,,,,,0,0.000
H3E105K,run2,end2,12.0,0,,,,,0,0.000
H3E105K,run3,end1,10.0,0,,,,,0,0.000
H3E105K,run3,end1,12.0,0,,,,,0,0.000
H3E105K,run3,end2,10.0,0,,,,,0,0.000
H3E105K,run3,end2,12.0,0,,,,,0,0.000
WT,run1,end1,10.0,0,,,,,0,0.000
WT,run1,end1,12.0,0,,,,,0,0.000
WT,run1,end2,10.0,0,,,,,0,0.000
WT,run1,end2,12.0,0,,,,,0,0.000
WT,run2,end1,10.0,0,,,,,0,0.000
WT,run2,end1,12.0,0,,,,,0,0.000
WT,run2,end2,10.0,0,,,,,0,0.000
WT,run2,end2,12.0,0,,,,,0,0.000
WT,run3,end1,10.0,0,,,,,0,0.000
WT,run3,end1,12.0,0,,,,,0,0.000
WT,run3,end2,10.0,0,,,,,0,0.000
WT,run3,end2,12.0,0,,,,,0,0.000
