chain,resid,RMSF_WT,RMSF_H3E50K,RMSF_delta,RMSF_delta_abs
B,25,1.1282,1.1574,0.0292,0.0292
B,26,0.7092,0.7232,0.0141,0.0141
B,27,0.7861,0.8073,0.0212,0.0212
B,28,0.7885,0.8332,0.0447,0.0447
B,29,0.5508,0.5821,0.0313,0.0313
B,30,0.5393,0.5253,-0.0139,0.0139
B,31,0.4677,0.4401,-0.0275,0.0275
B,32,0.4559,0.4454,-0.0104,0.0104
B,33,0.4786,0.4769,-0.0017,0.0017
B,34,0.3731,0.3712,-0.0019,0.0019
B,35,0.3364,0.3300,-0.0065,0.0065
B,36,0.3964,0.4134,0.0170,0.0170
B,37,0.4072,0.4217,0.0145,0.0145
B,38,0.3561,0.3500,-0.0062,0.0062
B,39,0.3734,0.3795,0.0062,0.0062
B,40,0.4025,0.4088,0.0063,0.0063
B,41,0.4267,0.4284,0.0017,0.0017
B,42,0.4379,0.4390,0.0011,0.0011
B,43,0.3869,0.3783,-0.0086,0.0086
B,44,0.4388,0.4357,-0.0032,0.0032
B,45,0.4102,0.4027,-0.0075,0.0075
B,46,0.3896,0.3951,0.0055,0.0055
B,47,0.4180,0.4268,0.0088,0.0088
B,48,0.5002,0.4856,-0.0146,0.0146
B,49,0.4799,0.4713,-0.0086,0.0086
B,50,0.4032,0.4023,-0.0009,0.0009
B,51,0.4219,0.3988,-0.0231,0.0231
B,52,0.5246,0.4912,-0.0334,0.0334
B,53,0.4973,0.4539,-0.0434,0.0434
B,54,0.3879,0.3843,-0.0037,0.0037
B,55,0.4186,0.4126,-0.0060,0.0060
B,56,0.4861,0.4775,-0.0086,0.0086
B,57,0.4767,0.4887,0.0120,0.0120
B,58,0.4476,0.4668,0.0191,0.0191
B,59,0.4809,0.4836,0.0027,0.0027
B,60,0.5166,0.5217,0.0051,0.0051
B,61,0.4973,0.4996,0.0023,0.0023
B,62,0.4967,0.4694,-0.0273,0.0273
B,63,0.5155,0.4776,-0.0380,0.0380
B,64,0.5183,0.4984,-0.0198,0.0198
B,65,0.4054,0.3758,-0.0297,0.0297
B,66,0.3587,0.3466,-0.0122,0.0122
B,67,0.4059,0.3909,-0.0150,0.0150
B,68,0.3469,0.3254,-0.0215,0.0215
B,69,0.3220,0.3015,-0.0205,0.0205
B,70,0.3310,0.3182,-0.0128,0.0128
B,71,0.3678,0.3495,-0.0183,0.0183
B,72,0.3644,0.3381,-0.0263,0.0263
B,73,0.3583,0.3285,-0.0298,0.0298
B,74,0.4650,0.4433,-0.0217,0.0217
B,75,0.5292,0.5155,-0.0137,0.0137
B,76,0.5356,0.5197,-0.0160,0.0160
B,77,0.5796,0.5592,-0.0205,0.0205
B,78,0.4804,0.5002,0.0198,0.0198
B,79,0.5918,0.6065,0.0147,0.0147
B,80,0.4467,0.4523,0.0056,0.0056
B,81,0.3787,0.3702,-0.0085,0.0085
B,82,0.4175,0.4034,-0.0141,0.0141
B,83,0.4490,0.4136,-0.0354,0.0354
B,84,0.4483,0.4196,-0.0287,0.0287
B,85,0.3574,0.3444,-0.0130,0.0130
B,86,0.3689,0.3457,-0.0232,0.0232
B,87,0.4118,0.3907,-0.0212,0.0212
B,88,0.3982,0.3961,-0.0021,0.0021
B,89,0.3655,0.3484,-0.0170,0.0170
B,90,0.4187,0.4740,0.0553,0.0553
B,91,0.5221,0.6046,0.0825,0.0825
B,92,0.6638,0.6445,-0.0193,0.0193
B,93,0.7143,0.9848,0.2705,0.2705
B,94,0.7923,1.4425,0.6502,0.6502
B,95,0.6909,0.7172,0.0263,0.0263
B,96,0.6429,0.6006,-0.0423,0.0423
B,97,0.4943,0.4681,-0.0261,0.0261
B,98,0.5153,0.4783,-0.0370,0.0370
B,99,0.6560,0.6128,-0.0432,0.0432
B,100,0.8464,0.7142,-0.1321,0.1321
B,101,1.6858,1.3793,-0.3065,0.3065
B,102,3.4706,2.4893,-0.9813,0.9813
