chain,resid,RMSF_WT,RMSF_H2AR29Q,RMSF_delta,RMSF_delta_abs
D,30,3.6622,3.7826,0.1203,0.1203
D,31,2.7696,2.7978,0.0282,0.0282
D,32,2.1201,2.5206,0.4005,0.4005
D,33,1.3667,1.8284,0.4617,0.4617
D,34,1.1544,1.5236,0.3692,0.3692
D,35,0.7994,1.2435,0.4440,0.4440
D,36,0.5984,0.8363,0.2379,0.2379
D,37,0.5364,0.7429,0.2065,0.2065
D,38,0.5754,0.7223,0.1469,0.1469
D,39,0.6154,0.7837,0.1683,0.1683
D,40,0.5682,0.6698,0.1016,0.1016
D,41,0.5198,0.5783,0.0585,0.0585
D,42,0.5206,0.5822,0.0616,0.0616
D,43,0.5610,0.5830,0.0220,0.0220
D,44,0.4862,0.5067,0.0206,0.0206
D,45,0.4741,0.5150,0.0409,0.0409
D,46,0.6075,0.6368,0.0294,0.0294
D,47,0.6934,0.7062,0.0128,0.0128
D,48,0.6616,0.6707,0.0090,0.0090
D,49,0.6562,0.6741,0.0179,0.0179
D,50,0.8308,0.8761,0.0453,0.0453
D,51,0.7875,0.8827,0.0951,0.0951
D,52,0.6221,0.7063,0.0843,0.0843
D,53,0.6227,0.6573,0.0346,0.0346
D,54,0.5334,0.5839,0.0505,0.0505
D,55,0.6113,0.6771,0.0658,0.0658
D,56,0.7075,0.8268,0.1194,0.1194
D,57,0.7487,0.8361,0.0874,0.0874
D,58,0.5809,0.6360,0.0551,0.0551
D,59,0.5566,0.6790,0.1224,0.1224
D,60,0.6414,0.7523,0.1109,0.1109
D,61,0.5648,0.7433,0.1786,0.1786
D,62,0.4728,0.7321,0.2593,0.2593
D,63,0.5132,0.6529,0.1398,0.1398
D,64,0.5574,0.6312,0.0738,0.0738
D,65,0.4868,1.0618,0.5750,0.5750
D,66,0.4331,1.5240,1.0909,1.0909
D,67,0.5314,1.3112,0.7798,0.7798
D,68,0.5317,0.8386,0.3070,0.3070
D,69,0.4579,0.7524,0.2945,0.2945
D,70,0.4238,0.5815,0.1577,0.1577
D,71,0.5139,0.6036,0.0897,0.0897
D,72,0.5033,0.5630,0.0596,0.0596
D,73,0.4296,0.4468,0.0172,0.0172
D,74,0.4851,0.4929,0.0077,0.0077
D,75,0.5479,0.5672,0.0193,0.0193
D,76,0.4895,0.4594,-0.0302,0.0302
D,77,0.4296,0.4172,-0.0124,0.0124
D,78,0.5140,0.5005,-0.0135,0.0135
D,79,0.5383,0.5172,-0.0210,0.0210
D,80,0.4780,0.4515,-0.0265,0.0265
D,81,0.5230,0.5087,-0.0143,0.0143
D,82,0.6261,0.6275,0.0013,0.0013
D,83,0.6772,0.6666,-0.0106,0.0106
D,84,0.7665,0.7454,-0.0212,0.0212
D,85,0.8129,0.8114,-0.0014,0.0014
D,86,0.6697,0.6927,0.0230,0.0230
D,87,0.6740,0.7532,0.0792,0.0792
D,88,0.5824,0.5785,-0.0039,0.0039
D,89,0.4916,0.4703,-0.0213,0.0213
D,90,0.5134,0.4898,-0.0235,0.0235
D,91,0.5246,0.4921,-0.0325,0.0325
D,92,0.5284,0.4961,-0.0323,0.0323
D,93,0.4518,0.4371,-0.0147,0.0147
D,94,0.4153,0.4227,0.0074,0.0074
D,95,0.4674,0.4566,-0.0108,0.0108
D,96,0.4532,0.4151,-0.0381,0.0381
D,97,0.4304,0.4098,-0.0206,0.0206
D,98,0.4587,0.4452,-0.0134,0.0134
D,99,0.5266,0.5094,-0.0172,0.0172
D,100,0.5378,0.5218,-0.0160,0.0160
D,101,0.5299,0.5187,-0.0112,0.0112
D,102,0.5800,0.5180,-0.0620,0.0620
D,103,0.7863,0.6502,-0.1361,0.1361
D,104,0.9379,0.8351,-0.1027,0.1027
D,105,0.9455,0.9179,-0.0277,0.0277
D,106,0.6473,0.6216,-0.0257,0.0257
D,107,0.5565,0.5112,-0.0453,0.0453
D,108,0.6566,0.6072,-0.0493,0.0493
D,109,0.5761,0.5367,-0.0394,0.0394
D,110,0.4992,0.4663,-0.0329,0.0329
D,111,0.4914,0.4521,-0.0393,0.0393
D,112,0.5512,0.4918,-0.0594,0.0594
D,113,0.5249,0.4738,-0.0511,0.0511
D,114,0.4798,0.4528,-0.0269,0.0269
D,115,0.5599,0.5015,-0.0584,0.0584
D,116,0.6073,0.5200,-0.0873,0.0873
D,117,0.5314,0.4688,-0.0626,0.0626
D,118,0.5914,0.5127,-0.0786,0.0786
D,119,0.7103,0.6076,-0.1027,0.1027
D,120,0.7027,0.6093,-0.0934,0.0934
D,121,0.6871,0.5899,-0.0972,0.0972
D,122,0.8896,0.7629,-0.1267,0.1267
D,123,1.6381,1.1423,-0.4958,0.4958
D,124,3.1679,2.1485,-1.0193,1.0193
D,125,4.9882,3.2707,-1.7175,1.7175
