chain,resid,RMSF_WT,RMSF_H2AK74N,RMSF_delta,RMSF_delta_abs
C,14,2.2222,2.3548,0.1326,0.1326
C,15,1.4780,1.5454,0.0674,0.0674
C,16,0.9459,1.0214,0.0755,0.0755
C,17,0.6018,0.6903,0.0885,0.0885
C,18,0.5228,0.5573,0.0345,0.0345
C,19,0.6793,0.7105,0.0312,0.0312
C,20,0.6775,0.7015,0.0240,0.0240
C,21,0.5626,0.5963,0.0336,0.0336
C,22,0.6189,0.6573,0.0384,0.0384
C,23,0.4873,0.5121,0.0248,0.0248
C,24,0.5228,0.5368,0.0140,0.0140
C,25,0.4577,0.4658,0.0081,0.0081
C,26,0.5001,0.5152,0.0152,0.0152
C,27,0.4511,0.4747,0.0236,0.0236
C,28,0.5529,0.6000,0.0471,0.0471
C,29,0.5030,0.5290,0.0260,0.0260
C,30,0.4302,0.4326,0.0024,0.0024
C,31,0.4240,0.4494,0.0254,0.0254
C,32,0.5129,0.5530,0.0401,0.0401
C,33,0.5486,0.5623,0.0137,0.0137
C,34,0.5500,0.5324,-0.0176,0.0176
C,35,0.6805,0.6827,0.0022,0.0022
C,36,0.8546,0.8310,-0.0236,0.0236
C,37,0.8901,0.8551,-0.0350,0.0350
C,38,1.1055,1.0680,-0.0374,0.0374
C,39,0.7945,0.7016,-0.0930,0.0930
C,40,0.7255,0.7715,0.0460,0.0460
C,41,0.8981,0.8004,-0.0977,0.0977
C,42,0.6546,0.6444,-0.0103,0.0103
C,43,0.5564,0.5482,-0.0081,0.0081
C,44,0.5873,0.5442,-0.0431,0.0431
C,45,0.8214,0.6309,-0.1905,0.1905
C,46,0.5281,0.5418,0.0137,0.0137
C,47,0.4205,0.4489,0.0284,0.0284
C,48,0.3846,0.4191,0.0345,0.0345
C,49,0.4087,0.4537,0.0450,0.0450
C,50,0.4223,0.4834,0.0612,0.0612
C,51,0.4110,0.4489,0.0379,0.0379
C,52,0.3896,0.4265,0.0368,0.0368
C,53,0.4143,0.4728,0.0585,0.0585
C,54,0.4360,0.5054,0.0694,0.0694
C,55,0.4287,0.4726,0.0439,0.0439
C,56,0.4204,0.4717,0.0513,0.0513
C,57,0.4554,0.5287,0.0733,0.0733
C,58,0.4710,0.5511,0.0801,0.0801
C,59,0.4689,0.5382,0.0693,0.0693
C,60,0.5023,0.5428,0.0405,0.0405
C,61,0.5420,0.6009,0.0589,0.0589
C,62,0.4755,0.5165,0.0411,0.0411
C,63,0.4551,0.4743,0.0193,0.0193
C,64,0.5252,0.5364,0.0112,0.0112
C,65,0.5218,0.5749,0.0531,0.0531
C,66,0.4482,0.4888,0.0406,0.0406
C,67,0.5133,0.5728,0.0595,0.0595
C,68,0.6286,0.6710,0.0424,0.0424
C,69,0.6155,0.6581,0.0425,0.0425
C,70,0.5536,0.6033,0.0497,0.0497
C,71,0.7585,0.7981,0.0396,0.0396
C,72,0.9193,0.9300,0.0107,0.0107
C,73,0.8869,0.8885,0.0016,0.0016
C,74,0.8977,0.9367,0.0391,0.0391
C,75,0.6912,0.7053,0.0141,0.0141
C,76,0.6939,0.7355,0.0416,0.0416
C,77,0.5158,0.5678,0.0520,0.0520
C,78,0.4191,0.4483,0.0292,0.0292
C,79,0.4488,0.4460,-0.0028,0.0028
C,80,0.4646,0.4484,-0.0162,0.0162
C,81,0.4658,0.4805,0.0146,0.0146
C,82,0.4360,0.4442,0.0082,0.0082
C,83,0.4587,0.4718,0.0131,0.0131
C,84,0.5057,0.5238,0.0181,0.0181
C,85,0.5940,0.5853,-0.0087,0.0087
C,86,0.6603,0.6468,-0.0134,0.0134
C,87,0.7351,0.7709,0.0358,0.0358
C,88,0.9435,0.9686,0.0251,0.0251
C,89,1.1563,1.1848,0.0285,0.0285
C,90,1.0734,1.1663,0.0929,0.0929
C,91,1.1269,1.3824,0.2555,0.2555
C,92,1.0676,1.3215,0.2540,0.2540
C,93,0.9495,1.1659,0.2164,0.2164
C,94,0.9366,1.1774,0.2408,0.2408
C,95,1.0010,1.2544,0.2534,0.2534
C,96,0.9762,1.1866,0.2104,0.2104
C,97,0.9853,1.1352,0.1499,0.1499
C,98,1.4672,1.7828,0.3156,0.3156
C,99,1.2179,1.2969,0.0790,0.0790
C,100,0.7891,0.7339,-0.0553,0.0553
C,101,0.6147,0.5700,-0.0447,0.0447
C,102,0.5445,0.5215,-0.0231,0.0231
C,103,0.5934,0.5596,-0.0338,0.0338
C,104,0.5445,0.6042,0.0597,0.0597
C,105,0.5447,0.6416,0.0969,0.0969
C,106,0.5799,0.7709,0.1910,0.1910
C,107,0.6232,0.7506,0.1274,0.1274
C,108,0.7357,0.8338,0.0981,0.0981
C,109,0.7410,0.8519,0.1109,0.1109
C,110,0.8239,0.9140,0.0902,0.0902
C,111,0.8398,0.8976,0.0578,0.0578
C,112,0.8772,0.9400,0.0628,0.0628
C,113,1.0007,1.0641,0.0634,0.0634
C,114,1.0136,1.0364,0.0228,0.0228
C,115,0.9209,0.9143,-0.0066,0.0066
C,116,1.0455,1.0606,0.0151,0.0151
C,117,1.3917,1.4138,0.0221,0.0221
C,118,2.1291,2.0890,-0.0401,0.0401
