chain,resid,RMSF_WT,RMSF_H2AE56K,RMSF_delta,RMSF_delta_abs
C,14,2.2222,2.5985,0.3763,0.3763
C,15,1.4780,1.3404,-0.1376,0.1376
C,16,0.9459,0.9594,0.0135,0.0135
C,17,0.6018,0.9976,0.3958,0.3958
C,18,0.5228,0.9463,0.4236,0.4236
C,19,0.6793,0.8547,0.1755,0.1755
C,20,0.6775,1.1594,0.4819,0.4819
C,21,0.5626,1.1822,0.6196,0.6196
C,22,0.6189,1.0887,0.4698,0.4698
C,23,0.4873,1.1836,0.6963,0.6963
C,24,0.5228,1.2403,0.7175,0.7175
C,25,0.4577,0.9888,0.5311,0.5311
C,26,0.5001,0.7671,0.2670,0.2670
C,27,0.4511,0.5541,0.1030,0.1030
C,28,0.5529,0.5954,0.0425,0.0425
C,29,0.5030,0.5881,0.0851,0.0851
C,30,0.4302,0.4825,0.0523,0.0523
C,31,0.4240,0.4512,0.0272,0.0272
C,32,0.5129,0.5631,0.0502,0.0502
C,33,0.5486,0.5764,0.0278,0.0278
C,34,0.5500,0.5165,-0.0335,0.0335
C,35,0.6805,0.6513,-0.0293,0.0293
C,36,0.8546,0.8817,0.0271,0.0271
C,37,0.8901,0.8763,-0.0137,0.0137
C,38,1.1055,0.8336,-0.2718,0.2718
C,39,0.7945,0.6070,-0.1875,0.1875
C,40,0.7255,0.6362,-0.0893,0.0893
C,41,0.8981,0.6874,-0.2107,0.2107
C,42,0.6546,0.5822,-0.0724,0.0724
C,43,0.5564,0.5299,-0.0265,0.0265
C,44,0.5873,0.5543,-0.0330,0.0330
C,45,0.8214,0.6165,-0.2049,0.2049
C,46,0.5281,0.5275,-0.0006,0.0006
C,47,0.4205,0.4504,0.0299,0.0299
C,48,0.3846,0.4206,0.0360,0.0360
C,49,0.4087,0.4545,0.0458,0.0458
C,50,0.4223,0.4509,0.0286,0.0286
C,51,0.4110,0.4455,0.0345,0.0345
C,52,0.3896,0.4641,0.0745,0.0745
C,53,0.4143,0.4909,0.0765,0.0765
C,54,0.4360,0.4842,0.0482,0.0482
C,55,0.4287,0.4842,0.0555,0.0555
C,56,0.4204,0.4975,0.0770,0.0770
C,57,0.4554,0.4974,0.0420,0.0420
C,58,0.4710,0.5208,0.0497,0.0497
C,59,0.4689,0.5417,0.0728,0.0728
C,60,0.5023,0.5515,0.0492,0.0492
C,61,0.5420,0.5829,0.0409,0.0409
C,62,0.4755,0.4996,0.0242,0.0242
C,63,0.4551,0.4942,0.0392,0.0392
C,64,0.5252,0.5533,0.0281,0.0281
C,65,0.5218,0.5423,0.0204,0.0204
C,66,0.4482,0.4823,0.0341,0.0341
C,67,0.5133,0.5736,0.0603,0.0603
C,68,0.6286,0.6896,0.0610,0.0610
C,69,0.6155,0.6502,0.0346,0.0346
C,70,0.5536,0.5913,0.0377,0.0377
C,71,0.7585,0.8016,0.0431,0.0431
C,72,0.9193,0.9195,0.0002,0.0002
C,73,0.8869,0.8743,-0.0126,0.0126
C,74,0.8977,0.9331,0.0354,0.0354
C,75,0.6912,0.7309,0.0397,0.0397
C,76,0.6939,0.7552,0.0613,0.0613
C,77,0.5158,0.5691,0.0533,0.0533
C,78,0.4191,0.4513,0.0322,0.0322
C,79,0.4488,0.4382,-0.0107,0.0107
C,80,0.4646,0.4332,-0.0314,0.0314
C,81,0.4658,0.4320,-0.0338,0.0338
C,82,0.4360,0.4143,-0.0217,0.0217
C,83,0.4587,0.4404,-0.0182,0.0182
C,84,0.5057,0.4701,-0.0356,0.0356
C,85,0.5940,0.5570,-0.0370,0.0370
C,86,0.6603,0.6158,-0.0444,0.0444
C,87,0.7351,0.6499,-0.0853,0.0853
C,88,0.9435,0.8279,-0.1156,0.1156
C,89,1.1563,1.1034,-0.0528,0.0528
C,90,1.0734,0.9404,-0.1330,0.1330
C,91,1.1269,1.0189,-0.1081,0.1081
C,92,1.0676,0.8211,-0.2465,0.2465
C,93,0.9495,0.8550,-0.0945,0.0945
C,94,0.9366,1.0764,0.1398,0.1398
C,95,1.0010,1.1274,0.1264,0.1264
C,96,0.9762,0.9845,0.0083,0.0083
C,97,0.9853,1.0197,0.0344,0.0344
C,98,1.4672,1.5722,0.1050,0.1050
C,99,1.2179,1.0530,-0.1648,0.1648
C,100,0.7891,0.7086,-0.0805,0.0805
C,101,0.6147,0.5590,-0.0557,0.0557
C,102,0.5445,0.5175,-0.0270,0.0270
C,103,0.5934,0.5207,-0.0727,0.0727
C,104,0.5445,0.5038,-0.0407,0.0407
C,105,0.5447,0.5124,-0.0322,0.0322
C,106,0.5799,0.5786,-0.0013,0.0013
C,107,0.6232,0.5858,-0.0375,0.0375
C,108,0.7357,0.7007,-0.0350,0.0350
C,109,0.7410,0.7036,-0.0374,0.0374
C,110,0.8239,0.7596,-0.0643,0.0643
C,111,0.8398,0.7554,-0.0844,0.0844
C,112,0.8772,0.7762,-0.1010,0.1010
C,113,1.0007,0.8938,-0.1069,0.1069
C,114,1.0136,0.8905,-0.1231,0.1231
C,115,0.9209,0.8135,-0.1074,0.1074
C,116,1.0455,0.9403,-0.1052,0.1052
C,117,1.3917,1.2647,-0.1270,0.1270
C,118,2.1291,1.9636,-0.1655,0.1655
