chain,resid,RMSF_WT,RMSF_H2BE105K,RMSF_delta,RMSF_delta_abs
D,30,3.6623,4.1073,0.4450,0.4450
D,31,2.7702,2.9208,0.1506,0.1506
D,32,2.1232,2.1997,0.0765,0.0765
D,33,1.3680,1.9273,0.5593,0.5593
D,34,1.1549,1.7527,0.5977,0.5977
D,35,0.7995,1.3975,0.5979,0.5979
D,36,0.5981,0.7562,0.1580,0.1580
D,37,0.5363,0.5731,0.0368,0.0368
D,38,0.5752,0.6072,0.0320,0.0320
D,39,0.6154,0.6887,0.0733,0.0733
D,40,0.5684,0.5969,0.0285,0.0285
D,41,0.5198,0.5281,0.0082,0.0082
D,42,0.5208,0.5688,0.0480,0.0480
D,43,0.5609,0.5902,0.0293,0.0293
D,44,0.4860,0.5204,0.0345,0.0345
D,45,0.4741,0.5129,0.0388,0.0388
D,46,0.6071,0.6473,0.0402,0.0402
D,47,0.6932,0.7336,0.0404,0.0404
D,48,0.6613,0.6806,0.0192,0.0192
D,49,0.6558,0.6733,0.0175,0.0175
D,50,0.8304,0.8863,0.0560,0.0560
D,51,0.7874,0.9062,0.1189,0.1189
D,52,0.6219,0.7090,0.0871,0.0871
D,53,0.6223,0.6631,0.0408,0.0408
D,54,0.5330,0.5771,0.0441,0.0441
D,55,0.6109,0.6575,0.0465,0.0465
D,56,0.7072,0.7533,0.0461,0.0461
D,57,0.7485,0.7817,0.0332,0.0332
D,58,0.5808,0.5883,0.0075,0.0075
D,59,0.5567,0.5683,0.0116,0.0116
D,60,0.6412,0.6503,0.0091,0.0091
D,61,0.5645,0.5517,-0.0127,0.0127
D,62,0.4727,0.4818,0.0091,0.0091
D,63,0.5130,0.5255,0.0125,0.0125
D,64,0.5574,0.5212,-0.0362,0.0362
D,65,0.4867,0.4534,-0.0333,0.0333
D,66,0.4328,0.4632,0.0304,0.0304
D,67,0.5315,0.5154,-0.0160,0.0160
D,68,0.5317,0.4825,-0.0492,0.0492
D,69,0.4582,0.4465,-0.0117,0.0117
D,70,0.4241,0.4150,-0.0091,0.0091
D,71,0.5137,0.4697,-0.0441,0.0441
D,72,0.5032,0.4507,-0.0525,0.0525
D,73,0.4296,0.4023,-0.0273,0.0273
D,74,0.4850,0.4535,-0.0316,0.0316
D,75,0.5475,0.5185,-0.0290,0.0290
D,76,0.4892,0.4419,-0.0474,0.0474
D,77,0.4294,0.3865,-0.0428,0.0428
D,78,0.5138,0.4739,-0.0399,0.0399
D,79,0.5386,0.4910,-0.0477,0.0477
D,80,0.4783,0.4520,-0.0263,0.0263
D,81,0.5230,0.5402,0.0173,0.0173
D,82,0.6261,0.6462,0.0201,0.0201
D,83,0.6773,0.6678,-0.0095,0.0095
D,84,0.7664,0.7587,-0.0077,0.0077
D,85,0.8124,0.8989,0.0865,0.0865
D,86,0.6692,0.7657,0.0964,0.0964
D,87,0.6737,0.8022,0.1284,0.1284
D,88,0.5824,0.6343,0.0520,0.0520
D,89,0.4915,0.4797,-0.0118,0.0118
D,90,0.5131,0.5180,0.0048,0.0048
D,91,0.5244,0.5359,0.0115,0.0115
D,92,0.5283,0.5451,0.0168,0.0168
D,93,0.4517,0.4380,-0.0137,0.0137
D,94,0.4152,0.4049,-0.0103,0.0103
D,95,0.4674,0.4660,-0.0014,0.0014
D,96,0.4533,0.4453,-0.0079,0.0079
D,97,0.4303,0.4082,-0.0220,0.0220
D,98,0.4587,0.4355,-0.0232,0.0232
D,99,0.5266,0.5113,-0.0152,0.0152
D,100,0.5377,0.5326,-0.0051,0.0051
D,101,0.5297,0.5144,-0.0154,0.0154
D,102,0.5799,0.5326,-0.0473,0.0473
D,103,0.7860,0.7053,-0.0807,0.0807
D,104,0.9374,0.8796,-0.0578,0.0578
D,105,0.9461,0.8524,-0.0937,0.0937
D,106,0.6481,0.6164,-0.0317,0.0317
D,107,0.5570,0.5616,0.0046,0.0046
D,108,0.6568,0.6936,0.0368,0.0368
D,109,0.5763,0.6179,0.0416,0.0416
D,110,0.4994,0.5091,0.0097,0.0097
D,111,0.4914,0.5236,0.0323,0.0323
D,112,0.5510,0.5932,0.0422,0.0422
D,113,0.5245,0.5607,0.0361,0.0361
D,114,0.4797,0.5171,0.0374,0.0374
D,115,0.5597,0.6026,0.0429,0.0429
D,116,0.6070,0.6563,0.0493,0.0493
D,117,0.5314,0.5755,0.0441,0.0441
D,118,0.5910,0.6108,0.0198,0.0198
D,119,0.7098,0.7574,0.0476,0.0476
D,120,0.7025,0.7529,0.0505,0.0505
D,121,0.6871,0.7142,0.0270,0.0270
D,122,0.8901,0.9178,0.0277,0.0277
D,123,1.6381,1.7294,0.0913,0.0913
D,124,3.1684,3.3637,0.1953,0.1953
D,125,4.9883,5.3137,0.3254,0.3254
