chain,resid,RMSF_WT,RMSF_H2BF70L,RMSF_delta,RMSF_delta_abs
C,14,2.2222,1.9247,-0.2975,0.2975
C,15,1.4780,1.2759,-0.2021,0.2021
C,16,0.9459,0.8360,-0.1099,0.1099
C,17,0.6018,0.5953,-0.0065,0.0065
C,18,0.5228,0.5275,0.0047,0.0047
C,19,0.6793,0.6770,-0.0022,0.0022
C,20,0.6775,0.6848,0.0073,0.0073
C,21,0.5626,0.5541,-0.0085,0.0085
C,22,0.6189,0.6165,-0.0024,0.0024
C,23,0.4873,0.5002,0.0129,0.0129
C,24,0.5228,0.5672,0.0444,0.0444
C,25,0.4577,0.4944,0.0367,0.0367
C,26,0.5001,0.5648,0.0647,0.0647
C,27,0.4511,0.4842,0.0331,0.0331
C,28,0.5529,0.6021,0.0492,0.0492
C,29,0.5030,0.5877,0.0847,0.0847
C,30,0.4302,0.4980,0.0679,0.0679
C,31,0.4240,0.4831,0.0591,0.0591
C,32,0.5129,0.5946,0.0817,0.0817
C,33,0.5486,0.6502,0.1016,0.1016
C,34,0.5500,0.6230,0.0730,0.0730
C,35,0.6805,0.7327,0.0522,0.0522
C,36,0.8546,0.9001,0.0456,0.0456
C,37,0.8901,0.8164,-0.0736,0.0736
C,38,1.1055,0.8730,-0.2325,0.2325
C,39,0.7945,0.6427,-0.1519,0.1519
C,40,0.7255,0.6664,-0.0591,0.0591
C,41,0.8981,0.7130,-0.1851,0.1851
C,42,0.6546,0.5823,-0.0723,0.0723
C,43,0.5564,0.5214,-0.0350,0.0350
C,44,0.5873,0.6309,0.0436,0.0436
C,45,0.8214,0.6720,-0.1494,0.1494
C,46,0.5281,0.5188,-0.0093,0.0093
C,47,0.4205,0.4084,-0.0121,0.0121
C,48,0.3846,0.3606,-0.0240,0.0240
C,49,0.4087,0.3888,-0.0199,0.0199
C,50,0.4223,0.4117,-0.0106,0.0106
C,51,0.4110,0.3942,-0.0168,0.0168
C,52,0.3896,0.3870,-0.0026,0.0026
C,53,0.4143,0.4126,-0.0017,0.0017
C,54,0.4360,0.4292,-0.0068,0.0068
C,55,0.4287,0.4205,-0.0082,0.0082
C,56,0.4204,0.4106,-0.0099,0.0099
C,57,0.4554,0.4271,-0.0283,0.0283
C,58,0.4710,0.4443,-0.0267,0.0267
C,59,0.4689,0.4279,-0.0410,0.0410
C,60,0.5023,0.4743,-0.0280,0.0280
C,61,0.5420,0.5273,-0.0147,0.0147
C,62,0.4755,0.4530,-0.0225,0.0225
C,63,0.4551,0.4382,-0.0168,0.0168
C,64,0.5252,0.5261,0.0009,0.0009
C,65,0.5218,0.5245,0.0026,0.0026
C,66,0.4482,0.4576,0.0095,0.0095
C,67,0.5133,0.5095,-0.0038,0.0038
C,68,0.6286,0.6304,0.0018,0.0018
C,69,0.6155,0.6223,0.0068,0.0068
C,70,0.5536,0.5562,0.0027,0.0027
C,71,0.7585,0.7528,-0.0057,0.0057
C,72,0.9193,0.8810,-0.0383,0.0383
C,73,0.8869,0.8511,-0.0357,0.0357
C,74,0.8977,0.8858,-0.0119,0.0119
C,75,0.6912,0.6786,-0.0127,0.0127
C,76,0.6939,0.6979,0.0040,0.0040
C,77,0.5158,0.5164,0.0006,0.0006
C,78,0.4191,0.4105,-0.0086,0.0086
C,79,0.4488,0.4260,-0.0229,0.0229
C,80,0.4646,0.4334,-0.0312,0.0312
C,81,0.4658,0.4400,-0.0258,0.0258
C,82,0.4360,0.4519,0.0160,0.0160
C,83,0.4587,0.4614,0.0027,0.0027
C,84,0.5057,0.4850,-0.0207,0.0207
C,85,0.5940,0.5755,-0.0185,0.0185
C,86,0.6603,0.6355,-0.0248,0.0248
C,87,0.7351,0.6707,-0.0644,0.0644
C,88,0.9435,0.9517,0.0081,0.0081
C,89,1.1563,1.2254,0.0691,0.0691
C,90,1.0734,1.0200,-0.0534,0.0534
C,91,1.1269,1.0914,-0.0355,0.0355
C,92,1.0676,0.9947,-0.0728,0.0728
C,93,0.9495,0.8809,-0.0686,0.0686
C,94,0.9366,0.8899,-0.0467,0.0467
C,95,1.0010,1.0211,0.0201,0.0201
C,96,0.9762,0.9454,-0.0308,0.0308
C,97,0.9853,0.8884,-0.0969,0.0969
C,98,1.4672,1.6814,0.2142,0.2142
C,99,1.2179,1.5114,0.2936,0.2936
C,100,0.7891,0.7564,-0.0327,0.0327
C,101,0.6147,0.5318,-0.0829,0.0829
C,102,0.5445,0.5259,-0.0187,0.0187
C,103,0.5934,0.5533,-0.0401,0.0401
C,104,0.5445,0.5019,-0.0426,0.0426
C,105,0.5447,0.5098,-0.0348,0.0348
C,106,0.5799,0.5899,0.0100,0.0100
C,107,0.6232,0.5817,-0.0415,0.0415
C,108,0.7357,0.7171,-0.0186,0.0186
C,109,0.7410,0.7217,-0.0193,0.0193
C,110,0.8239,0.8108,-0.0131,0.0131
C,111,0.8398,0.8304,-0.0094,0.0094
C,112,0.8772,0.8530,-0.0242,0.0242
C,113,1.0007,0.9581,-0.0426,0.0426
C,114,1.0136,0.9421,-0.0714,0.0714
C,115,0.9209,0.8492,-0.0717,0.0717
C,116,1.0455,1.0042,-0.0414,0.0414
C,117,1.3917,1.3636,-0.0281,0.0281
C,118,2.1291,2.0564,-0.0728,0.0728
