chain,resid,RMSF_WT,RMSF_H3E73K,RMSF_delta,RMSF_delta_abs
B,25,1.1287,4.5649,3.4362,3.4362
B,26,0.7098,3.0518,2.3420,2.3420
B,27,0.7864,1.8280,1.0415,1.0415
B,28,0.7885,1.6651,0.8766,0.8766
B,29,0.5508,0.6956,0.1448,0.1448
B,30,0.5391,0.6375,0.0984,0.0984
B,31,0.4675,0.5073,0.0399,0.0399
B,32,0.4558,0.4830,0.0272,0.0272
B,33,0.4785,0.4952,0.0167,0.0167
B,34,0.3731,0.4036,0.0305,0.0305
B,35,0.3364,0.3708,0.0344,0.0344
B,36,0.3964,0.4287,0.0323,0.0323
B,37,0.4072,0.4142,0.0071,0.0071
B,38,0.3563,0.3516,-0.0047,0.0047
B,39,0.3732,0.3799,0.0066,0.0066
B,40,0.4023,0.4098,0.0075,0.0075
B,41,0.4266,0.4365,0.0099,0.0099
B,42,0.4379,0.4482,0.0103,0.0103
B,43,0.3867,0.4012,0.0145,0.0145
B,44,0.4386,0.4617,0.0231,0.0231
B,45,0.4100,0.4408,0.0308,0.0308
B,46,0.3895,0.4321,0.0426,0.0426
B,47,0.4180,0.4728,0.0548,0.0548
B,48,0.5001,0.5394,0.0393,0.0393
B,49,0.4798,0.5381,0.0583,0.0583
B,50,0.4032,0.4324,0.0292,0.0292
B,51,0.4221,0.4415,0.0195,0.0195
B,52,0.5253,0.5578,0.0325,0.0325
B,53,0.4973,0.5233,0.0260,0.0260
B,54,0.3881,0.4352,0.0471,0.0471
B,55,0.4188,0.5382,0.1194,0.1194
B,56,0.4859,0.6023,0.1164,0.1164
B,57,0.4769,0.5561,0.0792,0.0792
B,58,0.4475,0.5253,0.0778,0.0778
B,59,0.4806,0.6112,0.1306,0.1306
B,60,0.5169,0.6248,0.1080,0.1080
B,61,0.4973,0.5223,0.0250,0.0250
B,62,0.4964,0.5280,0.0315,0.0315
B,63,0.5154,0.5750,0.0596,0.0596
B,64,0.5181,0.5642,0.0460,0.0460
B,65,0.4053,0.4090,0.0037,0.0037
B,66,0.3589,0.4209,0.0620,0.0620
B,67,0.4058,0.4793,0.0734,0.0734
B,68,0.3469,0.3926,0.0458,0.0458
B,69,0.3221,0.3529,0.0308,0.0308
B,70,0.3309,0.4047,0.0739,0.0739
B,71,0.3678,0.4241,0.0563,0.0563
B,72,0.3645,0.3739,0.0094,0.0094
B,73,0.3583,0.3756,0.0173,0.0173
B,74,0.4651,0.4896,0.0245,0.0245
B,75,0.5292,0.5485,0.0193,0.0193
B,76,0.5355,0.5508,0.0153,0.0153
B,77,0.5795,0.6223,0.0428,0.0428
B,78,0.4803,0.5576,0.0773,0.0773
B,79,0.5915,0.6727,0.0812,0.0812
B,80,0.4465,0.5048,0.0583,0.0583
B,81,0.3787,0.4220,0.0433,0.0433
B,82,0.4175,0.4203,0.0028,0.0028
B,83,0.4491,0.3971,-0.0519,0.0519
B,84,0.4484,0.4005,-0.0478,0.0478
B,85,0.3574,0.3385,-0.0189,0.0189
B,86,0.3691,0.3432,-0.0259,0.0259
B,87,0.4123,0.3591,-0.0531,0.0531
B,88,0.3981,0.3717,-0.0264,0.0264
B,89,0.3653,0.3858,0.0205,0.0205
B,90,0.4189,0.4459,0.0270,0.0270
B,91,0.5220,0.6064,0.0844,0.0844
B,92,0.6637,0.7033,0.0396,0.0396
B,93,0.7142,0.6863,-0.0278,0.0278
B,94,0.7929,0.8228,0.0299,0.0299
B,95,0.6913,0.6251,-0.0662,0.0662
B,96,0.6429,0.6056,-0.0373,0.0373
B,97,0.4946,0.4666,-0.0280,0.0280
B,98,0.5154,0.4861,-0.0293,0.0293
B,99,0.6573,0.5953,-0.0620,0.0620
B,100,0.8466,0.6804,-0.1662,0.1662
B,101,1.6867,1.3124,-0.3743,0.3743
B,102,3.4697,2.3507,-1.1189,1.1189
