chain,resid,RMSF_WT,RMSF_H3E105K,RMSF_delta,RMSF_delta_abs
A,38,2.6142,2.0889,-0.5253,0.5253
A,39,1.5941,1.2307,-0.3634,0.3634
A,40,0.9372,0.8105,-0.1267,0.1267
A,41,0.6410,0.5918,-0.0492,0.0492
A,42,0.6303,0.5843,-0.0460,0.0460
A,43,0.5141,0.4844,-0.0297,0.0297
A,44,0.5442,0.5041,-0.0401,0.0401
A,45,0.5694,0.5089,-0.0605,0.0605
A,46,0.5079,0.4653,-0.0426,0.0426
A,47,0.4501,0.4188,-0.0313,0.0313
A,48,0.4857,0.4354,-0.0503,0.0503
A,49,0.5271,0.4633,-0.0638,0.0638
A,50,0.4563,0.4116,-0.0447,0.0447
A,51,0.3918,0.3652,-0.0266,0.0266
A,52,0.4649,0.4397,-0.0252,0.0252
A,53,0.4745,0.4452,-0.0293,0.0293
A,54,0.4493,0.4145,-0.0348,0.0348
A,55,0.4501,0.4196,-0.0305,0.0305
A,56,0.5195,0.5000,-0.0195,0.0195
A,57,0.5591,0.5371,-0.0220,0.0220
A,58,0.5785,0.5446,-0.0339,0.0339
A,59,0.5549,0.5337,-0.0213,0.0213
A,60,0.4813,0.4681,-0.0132,0.0132
A,61,0.4344,0.4100,-0.0244,0.0244
A,62,0.4506,0.4177,-0.0328,0.0328
A,63,0.5219,0.4623,-0.0596,0.0596
A,64,0.5159,0.4831,-0.0328,0.0328
A,65,0.5122,0.4856,-0.0266,0.0266
A,66,0.4849,0.4609,-0.0240,0.0240
A,67,0.4290,0.4129,-0.0162,0.0162
A,68,0.4635,0.4570,-0.0066,0.0066
A,69,0.4722,0.4812,0.0090,0.0090
A,70,0.4537,0.4581,0.0045,0.0045
A,71,0.3885,0.4035,0.0150,0.0150
A,72,0.4206,0.4387,0.0181,0.0181
A,73,0.5052,0.5081,0.0029,0.0029
A,74,0.4896,0.4825,-0.0071,0.0071
A,75,0.4715,0.4718,0.0004,0.0004
A,76,0.5920,0.6224,0.0304,0.0304
A,77,0.7774,0.8400,0.0626,0.0626
A,78,0.7014,0.7814,0.0800,0.0800
A,79,0.6689,0.7020,0.0331,0.0331
A,80,0.7482,0.7559,0.0076,0.0076
A,81,0.9332,0.9090,-0.0242,0.0242
A,82,0.5642,0.5586,-0.0056,0.0056
A,83,0.5410,0.5540,0.0129,0.0129
A,84,0.5170,0.5263,0.0093,0.0093
A,85,0.5675,0.5500,-0.0175,0.0175
A,86,0.6592,0.6045,-0.0547,0.0547
A,87,0.5306,0.4969,-0.0337,0.0337
A,88,0.4365,0.4142,-0.0223,0.0223
A,89,0.4033,0.3883,-0.0149,0.0149
A,90,0.4297,0.4077,-0.0219,0.0219
A,91,0.4264,0.4183,-0.0081,0.0081
A,92,0.3800,0.3716,-0.0084,0.0084
A,93,0.3438,0.3463,0.0025,0.0025
A,94,0.3812,0.3834,0.0022,0.0022
A,95,0.4046,0.4127,0.0081,0.0081
A,96,0.4027,0.3992,-0.0036,0.0036
A,97,0.3721,0.3746,0.0025,0.0025
A,98,0.4126,0.4106,-0.0020,0.0020
A,99,0.4257,0.4297,0.0040,0.0040
A,100,0.3953,0.3861,-0.0092,0.0092
A,101,0.3674,0.3573,-0.0101,0.0101
A,102,0.4361,0.4315,-0.0046,0.0046
A,103,0.3703,0.3712,0.0008,0.0008
A,104,0.3354,0.3238,-0.0116,0.0116
A,105,0.3949,0.3685,-0.0264,0.0264
A,106,0.4026,0.3680,-0.0346,0.0346
A,107,0.3499,0.3285,-0.0213,0.0213
A,108,0.3630,0.3468,-0.0161,0.0161
A,109,0.4218,0.3950,-0.0267,0.0267
A,110,0.3973,0.3761,-0.0212,0.0212
A,111,0.3978,0.3937,-0.0041,0.0041
A,112,0.4491,0.4522,0.0031,0.0031
A,113,0.4611,0.4627,0.0016,0.0016
A,114,0.5210,0.5177,-0.0033,0.0033
A,115,0.5752,0.5687,-0.0065,0.0065
A,116,0.4606,0.4603,-0.0003,0.0003
A,117,0.4755,0.4475,-0.0280,0.0280
A,118,0.3863,0.3841,-0.0022,0.0022
A,119,0.3440,0.3427,-0.0013,0.0013
A,120,0.4209,0.4146,-0.0063,0.0063
A,121,0.4685,0.4507,-0.0178,0.0178
A,122,0.4518,0.4466,-0.0052,0.0052
A,123,0.3719,0.3599,-0.0120,0.0120
A,124,0.4736,0.4461,-0.0275,0.0275
A,125,0.5313,0.5400,0.0086,0.0086
A,126,0.4802,0.4698,-0.0104,0.0104
A,127,0.5164,0.4590,-0.0573,0.0573
A,128,0.5689,0.5936,0.0246,0.0246
A,129,0.6249,0.6839,0.0589,0.0589
A,130,0.6705,0.6761,0.0056,0.0056
A,131,0.7893,0.7399,-0.0494,0.0494
A,132,0.9680,0.9665,-0.0015,0.0015
A,133,1.4102,1.2980,-0.1122,0.1122
A,134,2.5505,2.2555,-0.2949,0.2949
