Histone,Chain1,Chain2,X,C_mean,G_mean,diff,abs_diff
H2A,C,G,15,1.3894666666666666,1.3579666666666668,-0.03149999999999986,0.03149999999999986
H2A,C,G,16,0.9651333333333333,0.8780666666666667,-0.08706666666666663,0.08706666666666663
H2A,C,G,17,0.7498,0.6648333333333333,-0.08496666666666675,0.08496666666666675
H2A,C,G,18,0.6566666666666667,0.5512666666666667,-0.10540000000000005,0.10540000000000005
H2A,C,G,19,0.8170333333333334,0.6952333333333334,-0.12180000000000002,0.12180000000000002
H2A,C,G,20,0.8356333333333333,0.6996666666666668,-0.13596666666666657,0.13596666666666657
H2A,C,G,21,0.6857333333333333,0.5676,-0.11813333333333331,0.11813333333333331
H2A,C,G,22,0.7502666666666666,0.6259,-0.12436666666666663,0.12436666666666663
H2A,C,G,23,0.5937333333333333,0.47753333333333337,-0.11619999999999997,0.11619999999999997
H2A,C,G,24,0.6324666666666667,0.529,-0.1034666666666667,0.1034666666666667
H2A,C,G,25,0.5595333333333333,0.4613,-0.09823333333333334,0.09823333333333334
H2A,C,G,26,0.6202,0.5348999999999999,-0.08530000000000004,0.08530000000000004
H2A,C,G,27,0.5948,0.4740666666666667,-0.1207333333333333,0.1207333333333333
H2A,C,G,28,0.7180666666666667,0.5950666666666667,-0.123,0.123
H2A,C,G,29,0.6832666666666668,0.5802,-0.10306666666666675,0.10306666666666675
H2A,C,G,30,0.5806,0.4863666666666666,-0.09423333333333339,0.09423333333333339
H2A,C,G,31,0.6084999999999999,0.45316666666666666,-0.15533333333333327,0.15533333333333327
H2A,C,G,32,0.7107999999999999,0.5354333333333333,-0.17536666666666656,0.17536666666666656
H2A,C,G,33,0.6813333333333333,0.5792333333333334,-0.10209999999999997,0.10209999999999997
H2A,C,G,34,0.6427999999999999,0.5966333333333333,-0.04616666666666658,0.04616666666666658
H2A,C,G,35,0.8093666666666666,0.7353666666666667,-0.07399999999999984,0.07399999999999984
H2A,C,G,36,0.9485333333333332,0.8951000000000001,-0.05343333333333311,0.05343333333333311
H2A,C,G,37,0.9410666666666666,0.8745666666666666,-0.0665,0.0665
H2A,C,G,38,0.9965666666666667,0.9891666666666667,-0.007399999999999962,0.007399999999999962
H2A,C,G,39,0.7593666666666667,0.6993,-0.06006666666666671,0.06006666666666671
H2A,C,G,40,0.8191333333333333,0.7993,-0.01983333333333326,0.01983333333333326
H2A,C,G,41,0.9213666666666667,0.9207666666666666,-0.0006000000000000449,0.0006000000000000449
H2A,C,G,42,0.7760000000000001,0.7073333333333333,-0.06866666666666688,0.06866666666666688
H2A,C,G,43,0.6836666666666668,0.6326666666666667,-0.051000000000000045,0.051000000000000045
H2A,C,G,44,0.7195333333333332,1.1473666666666666,0.4278333333333334,0.4278333333333334
H2A,C,G,45,0.8542333333333333,0.9938666666666665,0.13963333333333316,0.13963333333333316
H2A,C,G,46,0.6531666666666668,0.5831666666666666,-0.07000000000000017,0.07000000000000017
H2A,C,G,47,0.5419666666666667,0.43073333333333336,-0.11123333333333335,0.11123333333333335
H2A,C,G,48,0.4958666666666667,0.39066666666666666,-0.10520000000000002,0.10520000000000002
H2A,C,G,49,0.5003666666666667,0.39030000000000004,-0.1100666666666667,0.1100666666666667
H2A,C,G,50,0.5209333333333334,0.4099333333333333,-0.11100000000000004,0.11100000000000004
H2A,C,G,51,0.49479999999999996,0.40063333333333334,-0.09416666666666662,0.09416666666666662
H2A,C,G,52,0.4619333333333333,0.37706666666666666,-0.08486666666666665,0.08486666666666665
H2A,C,G,53,0.49393333333333334,0.39316666666666666,-0.10076666666666667,0.10076666666666667
H2A,C,G,54,0.5282333333333334,0.4229666666666667,-0.10526666666666673,0.10526666666666673
H2A,C,G,55,0.5064333333333334,0.4169333333333333,-0.08950000000000008,0.08950000000000008
H2A,C,G,56,0.4897666666666667,0.39683333333333337,-0.09293333333333331,0.09293333333333331
H2A,C,G,57,0.5520999999999999,0.42523333333333335,-0.12686666666666657,0.12686666666666657
H2A,C,G,58,0.5659666666666667,0.45636666666666664,-0.10960000000000009,0.10960000000000009
H2A,C,G,59,0.5308666666666667,0.44246666666666673,-0.08839999999999998,0.08839999999999998
H2A,C,G,60,0.5872666666666667,0.4802666666666667,-0.10700000000000004,0.10700000000000004
H2A,C,G,61,0.6420333333333333,0.5303,-0.11173333333333335,0.11173333333333335
H2A,C,G,62,0.6056666666666667,0.46193333333333336,-0.14373333333333332,0.14373333333333332
H2A,C,G,63,0.5868666666666666,0.4563,-0.13056666666666666,0.13056666666666666
H2A,C,G,64,0.6873333333333335,0.5315666666666666,-0.15576666666666683,0.15576666666666683
H2A,C,G,65,0.7218666666666667,0.5275666666666666,-0.19430000000000003,0.19430000000000003
H2A,C,G,66,0.6135,0.46466666666666673,-0.14883333333333332,0.14883333333333332
H2A,C,G,67,0.6658666666666667,0.5189333333333334,-0.14693333333333336,0.14693333333333336
H2A,C,G,68,0.7984999999999999,0.6327333333333333,-0.16576666666666662,0.16576666666666662
H2A,C,G,69,0.8010333333333334,0.6227,-0.17833333333333334,0.17833333333333334
H2A,C,G,70,0.7370666666666668,0.556,-0.1810666666666667,0.1810666666666667
H2A,C,G,71,0.9199999999999999,0.7456,-0.1743999999999999,0.1743999999999999
H2A,C,G,72,1.0707333333333333,0.8852666666666665,-0.18546666666666678,0.18546666666666678
H2A,C,G,73,1.0491333333333333,0.8509333333333333,-0.19819999999999993,0.19819999999999993
H2A,C,G,74,1.0896333333333332,0.8795999999999999,-0.2100333333333333,0.2100333333333333
H2A,C,G,75,0.8709333333333333,0.6777666666666667,-0.1931666666666666,0.1931666666666666
H2A,C,G,76,0.8443666666666667,0.7013666666666666,-0.14300000000000013,0.14300000000000013
H2A,C,G,77,0.6671,0.5511,-0.11599999999999999,0.11599999999999999
H2A,C,G,78,0.5676333333333333,0.4253,-0.1423333333333333,0.1423333333333333
H2A,C,G,79,0.6132666666666667,0.46846666666666664,-0.1448000000000001,0.1448000000000001
H2A,C,G,80,0.6352000000000001,0.5018666666666666,-0.13333333333333353,0.13333333333333353
H2A,C,G,81,0.6612,0.5297666666666667,-0.1314333333333333,0.1314333333333333
H2A,C,G,82,0.6215666666666667,0.47079999999999994,-0.15076666666666677,0.15076666666666677
H2A,C,G,83,0.6345333333333334,0.49520000000000003,-0.13933333333333336,0.13933333333333336
H2A,C,G,84,0.6894666666666666,0.6160666666666667,-0.07339999999999991,0.07339999999999991
H2A,C,G,85,0.7791,0.6982333333333334,-0.08086666666666664,0.08086666666666664
H2A,C,G,86,0.8024999999999999,0.6751333333333335,-0.1273666666666664,0.1273666666666664
H2A,C,G,87,0.8737666666666666,0.8176333333333333,-0.05613333333333326,0.05613333333333326
H2A,C,G,88,1.2229333333333334,1.1607666666666667,-0.0621666666666667,0.0621666666666667
H2A,C,G,89,1.4894,1.2807,-0.2087000000000001,0.2087000000000001
H2A,C,G,90,1.3714333333333333,1.1209999999999998,-0.2504333333333335,0.2504333333333335
H2A,C,G,91,1.3605666666666665,1.1167,-0.24386666666666645,0.24386666666666645
H2A,C,G,92,1.2141666666666666,0.9274,-0.2867666666666666,0.2867666666666666
H2A,C,G,93,1.0479,0.8726666666666666,-0.17523333333333346,0.17523333333333346
H2A,C,G,94,1.2075333333333333,1.0378333333333332,-0.16970000000000018,0.16970000000000018
H2A,C,G,95,1.2240666666666666,0.9885666666666667,-0.23549999999999993,0.23549999999999993
H2A,C,G,96,1.0340666666666667,0.8556333333333334,-0.17843333333333333,0.17843333333333333
H2A,C,G,97,1.1001666666666667,0.9425666666666667,-0.15760000000000007,0.15760000000000007
H2A,C,G,98,1.7356666666666667,1.6417666666666666,-0.0939000000000001,0.0939000000000001
H2A,C,G,99,1.7049666666666667,1.3942666666666668,-0.3107,0.3107
H2A,C,G,100,1.0268333333333333,0.7413,-0.2855333333333333,0.2855333333333333
H2A,C,G,101,0.8212333333333334,0.5903,-0.23093333333333332,0.23093333333333332
H2A,C,G,102,0.7328999999999999,0.5797333333333333,-0.15316666666666656,0.15316666666666656
H2A,C,G,103,0.7845333333333334,0.5870666666666667,-0.19746666666666668,0.19746666666666668
H2A,C,G,104,0.7793999999999999,0.5389666666666667,-0.24043333333333317,0.24043333333333317
H2A,C,G,105,0.7904333333333332,0.596,-0.19443333333333324,0.19443333333333324
H2A,C,G,106,0.9473666666666668,0.6980333333333334,-0.2493333333333334,0.2493333333333334
H2A,C,G,107,0.9464333333333332,0.6713666666666667,-0.27506666666666657,0.27506666666666657
H2A,C,G,108,1.0178333333333331,0.8656666666666667,-0.15216666666666645,0.15216666666666645
H2A,C,G,109,1.0672,0.8287333333333334,-0.2384666666666665,0.2384666666666665
H2A,C,G,110,1.2857,0.8761333333333333,-0.40956666666666675,0.40956666666666675
H2A,C,G,111,1.7152,0.8896000000000001,-0.8256,0.8256
H2A,C,G,112,1.9499666666666666,0.8978,-1.0521666666666665,1.0521666666666665
H2A,C,G,113,2.1492999999999998,1.0494,-1.0998999999999997,1.0998999999999997
H2A,C,G,114,2.6013333333333333,1.042,-1.5593333333333332,1.5593333333333332
H2A,C,G,115,2.7865,0.9569666666666666,-1.8295333333333335,1.8295333333333335
H2A,C,G,116,3.1492,1.1016666666666666,-2.0475333333333334,2.0475333333333334
H2A,C,G,117,3.9818666666666664,1.4586333333333332,-2.523233333333333,2.523233333333333
H2A,C,G,118,4.8038,2.1811666666666665,-2.6226333333333334,2.6226333333333334
