Histone,Chain1,Chain2,X,D_mean,H_mean,diff,abs_diff
H2B,D,H,33,2.5378333333333334,2.1822333333333335,-0.3555999999999999,0.3555999999999999
H2B,D,H,34,2.3520666666666665,1.5356333333333332,-0.8164333333333333,0.8164333333333333
H2B,D,H,35,1.4484666666666666,0.9622666666666667,-0.48619999999999985,0.48619999999999985
H2B,D,H,36,0.8485666666666667,0.6627666666666666,-0.18580000000000008,0.18580000000000008
H2B,D,H,37,0.6586,0.4610666666666667,-0.19753333333333328,0.19753333333333328
H2B,D,H,38,0.7018666666666666,0.4688333333333334,-0.23303333333333326,0.23303333333333326
H2B,D,H,39,0.7667333333333334,0.5200333333333332,-0.24670000000000014,0.24670000000000014
H2B,D,H,40,0.6595,0.4809666666666667,-0.17853333333333327,0.17853333333333327
H2B,D,H,41,0.5824000000000001,0.42160000000000003,-0.1608000000000001,0.1608000000000001
H2B,D,H,42,0.5977333333333333,0.4326999999999999,-0.16503333333333342,0.16503333333333342
H2B,D,H,43,0.6339333333333333,0.4851666666666666,-0.14876666666666677,0.14876666666666677
H2B,D,H,44,0.5635666666666667,0.4357333333333333,-0.12783333333333335,0.12783333333333335
H2B,D,H,45,0.5583666666666666,0.43979999999999997,-0.1185666666666666,0.1185666666666666
H2B,D,H,46,0.6984666666666666,0.5748333333333333,-0.12363333333333326,0.12363333333333326
H2B,D,H,47,0.7749333333333333,0.6690666666666667,-0.10586666666666655,0.10586666666666655
H2B,D,H,48,0.6929666666666666,0.6387666666666667,-0.054199999999999915,0.054199999999999915
H2B,D,H,49,0.7100666666666666,0.6332666666666668,-0.07679999999999987,0.07679999999999987
H2B,D,H,50,0.8690666666666665,0.785,-0.08406666666666651,0.08406666666666651
H2B,D,H,51,0.9553333333333334,0.8275666666666667,-0.1277666666666667,0.1277666666666667
H2B,D,H,52,0.7481333333333332,0.6219333333333333,-0.12619999999999987,0.12619999999999987
H2B,D,H,53,0.7326666666666667,0.559,-0.17366666666666664,0.17366666666666664
H2B,D,H,54,0.6701666666666667,0.4545333333333333,-0.2156333333333334,0.2156333333333334
H2B,D,H,55,0.7413333333333334,0.5095999999999999,-0.23173333333333346,0.23173333333333346
H2B,D,H,56,0.8198,0.6088333333333332,-0.21096666666666675,0.21096666666666675
H2B,D,H,57,0.8508666666666667,0.6262333333333333,-0.22463333333333335,0.22463333333333335
H2B,D,H,58,0.6934999999999999,0.47059999999999996,-0.22289999999999993,0.22289999999999993
H2B,D,H,59,0.6757666666666666,0.44723333333333337,-0.22853333333333326,0.22853333333333326
H2B,D,H,60,0.7584,0.5258666666666667,-0.23253333333333326,0.23253333333333326
H2B,D,H,61,0.6708333333333334,0.4764,-0.1944333333333334,0.1944333333333334
H2B,D,H,62,0.5780333333333333,0.41153333333333336,-0.16649999999999993,0.16649999999999993
H2B,D,H,63,0.6347666666666667,0.4308666666666667,-0.20390000000000003,0.20390000000000003
H2B,D,H,64,0.6687,0.45879999999999993,-0.20990000000000003,0.20990000000000003
H2B,D,H,65,0.563,0.43196666666666667,-0.13103333333333328,0.13103333333333328
H2B,D,H,66,0.5197666666666667,0.4404666666666666,-0.07930000000000009,0.07930000000000009
H2B,D,H,67,0.6311666666666667,0.4590666666666667,-0.17209999999999998,0.17209999999999998
H2B,D,H,68,0.5979666666666666,0.4478,-0.15016666666666667,0.15016666666666667
H2B,D,H,69,0.5115666666666667,0.4373,-0.0742666666666667,0.0742666666666667
H2B,D,H,70,0.49,0.3945,-0.09549999999999997,0.09549999999999997
H2B,D,H,71,0.5811666666666667,0.48290000000000005,-0.09826666666666667,0.09826666666666667
H2B,D,H,72,0.5417333333333333,0.4888666666666667,-0.05286666666666656,0.05286666666666656
H2B,D,H,73,0.4439,0.39493333333333336,-0.04896666666666666,0.04896666666666666
H2B,D,H,74,0.5339333333333334,0.45533333333333337,-0.0786,0.0786
H2B,D,H,75,0.6096,0.5266666666666667,-0.0829333333333333,0.0829333333333333
H2B,D,H,76,0.4977666666666667,0.44143333333333334,-0.056333333333333346,0.056333333333333346
H2B,D,H,77,0.45206666666666667,0.3792,-0.07286666666666669,0.07286666666666669
H2B,D,H,78,0.5687333333333333,0.4663,-0.10243333333333332,0.10243333333333332
H2B,D,H,79,0.6386333333333334,0.45593333333333336,-0.18270000000000003,0.18270000000000003
H2B,D,H,80,0.5942666666666666,0.40713333333333335,-0.18713333333333326,0.18713333333333326
H2B,D,H,81,0.6582333333333333,0.4721666666666666,-0.1860666666666667,0.1860666666666667
H2B,D,H,82,0.7634,0.5632999999999999,-0.20010000000000006,0.20010000000000006
H2B,D,H,83,0.7482000000000001,0.6249000000000001,-0.12329999999999997,0.12329999999999997
H2B,D,H,84,0.8103999999999999,0.7131,-0.09729999999999994,0.09729999999999994
H2B,D,H,85,0.8641,0.7908666666666667,-0.07323333333333326,0.07323333333333326
H2B,D,H,86,0.8090666666666667,0.7272666666666666,-0.0818000000000001,0.0818000000000001
H2B,D,H,87,0.8262,1.0008,0.17459999999999987,0.17459999999999987
H2B,D,H,88,0.6741,0.6027,-0.07140000000000002,0.07140000000000002
H2B,D,H,89,0.5560333333333333,0.4508666666666667,-0.10516666666666658,0.10516666666666658
H2B,D,H,90,0.5456,0.4586666666666666,-0.08693333333333336,0.08693333333333336
H2B,D,H,91,0.5197666666666667,0.4710666666666667,-0.04870000000000002,0.04870000000000002
H2B,D,H,92,0.5316666666666666,0.4627666666666666,-0.06890000000000002,0.06890000000000002
H2B,D,H,93,0.46870000000000006,0.38053333333333333,-0.08816666666666673,0.08816666666666673
H2B,D,H,94,0.4207,0.37096666666666667,-0.04973333333333335,0.04973333333333335
H2B,D,H,95,0.43673333333333336,0.3884666666666667,-0.04826666666666668,0.04826666666666668
H2B,D,H,96,0.4428666666666667,0.3692666666666667,-0.0736,0.0736
H2B,D,H,97,0.424,0.3665333333333334,-0.05746666666666661,0.05746666666666661
H2B,D,H,98,0.43976666666666664,0.41369999999999996,-0.026066666666666682,0.026066666666666682
H2B,D,H,99,0.5199333333333332,0.47636666666666666,-0.04356666666666659,0.04356666666666659
H2B,D,H,100,0.5232,0.48236666666666667,-0.04083333333333333,0.04083333333333333
H2B,D,H,101,0.528,0.4915666666666667,-0.03643333333333332,0.03643333333333332
H2B,D,H,102,0.5582333333333334,0.4648666666666667,-0.09336666666666665,0.09336666666666665
H2B,D,H,103,0.7376,0.5937666666666667,-0.14383333333333337,0.14383333333333337
H2B,D,H,104,0.8721,0.8185000000000001,-0.05359999999999987,0.05359999999999987
H2B,D,H,105,0.9172666666666668,0.8372666666666667,-0.08000000000000007,0.08000000000000007
H2B,D,H,106,0.6560333333333334,0.5939666666666666,-0.062066666666666714,0.062066666666666714
H2B,D,H,107,0.558,0.4789666666666667,-0.07903333333333334,0.07903333333333334
H2B,D,H,108,0.6879,0.5654,-0.12249999999999994,0.12249999999999994
H2B,D,H,109,0.5817666666666667,0.5198666666666667,-0.061899999999999955,0.061899999999999955
H2B,D,H,110,0.4757,0.44160000000000005,-0.034099999999999964,0.034099999999999964
H2B,D,H,111,0.48039999999999994,0.43693333333333334,-0.0434666666666666,0.0434666666666666
H2B,D,H,112,0.5463666666666667,0.48843333333333333,-0.05793333333333334,0.05793333333333334
H2B,D,H,113,0.5079,0.45870000000000005,-0.049199999999999966,0.049199999999999966
H2B,D,H,114,0.4683,0.4341333333333333,-0.03416666666666668,0.03416666666666668
H2B,D,H,115,0.5348666666666667,0.46153333333333335,-0.07333333333333336,0.07333333333333336
H2B,D,H,116,0.5761666666666666,0.4948333333333333,-0.08133333333333331,0.08133333333333331
H2B,D,H,117,0.5152333333333333,0.4532,-0.06203333333333333,0.06203333333333333
H2B,D,H,118,0.5478666666666667,0.4898666666666667,-0.05800000000000005,0.05800000000000005
H2B,D,H,119,0.644,0.5725666666666668,-0.07143333333333324,0.07143333333333324
H2B,D,H,120,0.6661666666666667,0.584,-0.08216666666666672,0.08216666666666672
H2B,D,H,121,0.6515000000000001,0.5787999999999999,-0.07270000000000021,0.07270000000000021
H2B,D,H,122,0.8368000000000001,0.7970999999999999,-0.03970000000000018,0.03970000000000018
H2B,D,H,123,1.3783333333333332,1.7083333333333333,0.33000000000000007,0.33000000000000007
H2B,D,H,124,2.8784666666666667,2.971,0.09253333333333336,0.09253333333333336
