Histone,Chain1,Chain2,X,A_mean,E_mean,diff,abs_diff
H3,A,E,38,3.1698000000000004,2.6778999999999997,-0.49190000000000067,0.49190000000000067
H3,A,E,39,1.7728666666666666,1.6672333333333331,-0.10563333333333347,0.10563333333333347
H3,A,E,40,1.0168666666666668,1.0766666666666664,0.05979999999999963,0.05979999999999963
H3,A,E,41,0.7132666666666667,0.6950666666666666,-0.018200000000000105,0.018200000000000105
H3,A,E,42,0.6741999999999999,0.6248333333333334,-0.04936666666666656,0.04936666666666656
H3,A,E,43,0.5783333333333333,0.6105999999999999,0.032266666666666666,0.032266666666666666
H3,A,E,44,0.5914666666666667,0.5794666666666667,-0.01200000000000001,0.01200000000000001
H3,A,E,45,0.5922999999999999,0.5475666666666666,-0.04473333333333329,0.04473333333333329
H3,A,E,46,0.5692333333333334,0.5462333333333333,-0.02300000000000002,0.02300000000000002
H3,A,E,47,0.5109666666666667,0.5088,-0.00216666666666665,0.00216666666666665
H3,A,E,48,0.5149333333333334,0.5132,-0.0017333333333333645,0.0017333333333333645
H3,A,E,49,0.5412,0.5548,0.013599999999999945,0.013599999999999945
H3,A,E,50,0.4822333333333333,0.4902666666666667,0.008033333333333392,0.008033333333333392
H3,A,E,51,0.4156333333333333,0.4298,0.014166666666666716,0.014166666666666716
H3,A,E,52,0.5046666666666667,0.5174666666666666,0.012799999999999923,0.012799999999999923
H3,A,E,53,0.5056333333333333,0.5090666666666667,0.0034333333333333993,0.0034333333333333993
H3,A,E,54,0.4576,0.45553333333333335,-0.002066666666666661,0.002066666666666661
H3,A,E,55,0.47513333333333335,0.4745,-0.0006333333333333746,0.0006333333333333746
H3,A,E,56,0.5549333333333333,0.5661333333333333,0.011199999999999988,0.011199999999999988
H3,A,E,57,0.5848333333333334,0.5842,-0.0006333333333333746,0.0006333333333333746
H3,A,E,58,0.628,0.5809000000000001,-0.04709999999999992,0.04709999999999992
H3,A,E,59,0.6264,0.5974333333333334,-0.028966666666666585,0.028966666666666585
H3,A,E,60,0.5494333333333333,0.5001,-0.04933333333333334,0.04933333333333334
H3,A,E,61,0.47413333333333335,0.45023333333333326,-0.023900000000000088,0.023900000000000088
H3,A,E,62,0.5421,0.4518,-0.09030000000000005,0.09030000000000005
H3,A,E,63,0.5925666666666667,0.5649,-0.027666666666666728,0.027666666666666728
H3,A,E,64,0.5577,0.5273,-0.030399999999999983,0.030399999999999983
H3,A,E,65,0.532,0.5570666666666667,0.02506666666666668,0.02506666666666668
H3,A,E,66,0.5064333333333333,0.5674666666666667,0.061033333333333384,0.061033333333333384
H3,A,E,67,0.44403333333333334,0.4422333333333333,-0.0018000000000000238,0.0018000000000000238
H3,A,E,68,0.47996666666666665,0.4579333333333333,-0.02203333333333335,0.02203333333333335
H3,A,E,69,0.4977,0.5073666666666666,0.009666666666666657,0.009666666666666657
H3,A,E,70,0.45826666666666666,0.4643333333333333,0.006066666666666665,0.006066666666666665
H3,A,E,71,0.39986666666666665,0.41733333333333333,0.017466666666666686,0.017466666666666686
H3,A,E,72,0.45316666666666666,0.4755333333333333,0.022366666666666646,0.022366666666666646
H3,A,E,73,0.5194666666666666,0.5244666666666666,0.0050000000000000044,0.0050000000000000044
H3,A,E,74,0.4866333333333334,0.5283,0.041666666666666574,0.041666666666666574
H3,A,E,75,0.48196666666666665,0.5489,0.0669333333333334,0.0669333333333334
H3,A,E,76,0.6152666666666667,0.7016333333333332,0.08636666666666648,0.08636666666666648
H3,A,E,77,0.8278666666666666,0.9627666666666667,0.13490000000000002,0.13490000000000002
H3,A,E,78,0.7387666666666667,0.8887999999999999,0.15003333333333324,0.15003333333333324
H3,A,E,79,0.6834333333333333,0.8092,0.1257666666666667,0.1257666666666667
H3,A,E,80,0.7392333333333334,0.8296666666666667,0.09043333333333325,0.09043333333333325
H3,A,E,81,0.9112666666666667,1.0191000000000001,0.10783333333333345,0.10783333333333345
H3,A,E,82,0.5812,0.6233333333333334,0.042133333333333356,0.042133333333333356
H3,A,E,83,0.5792666666666667,0.5959,0.016633333333333278,0.016633333333333278
H3,A,E,84,0.5493666666666667,0.5830000000000001,0.033633333333333404,0.033633333333333404
H3,A,E,85,0.5899666666666666,0.6379333333333334,0.04796666666666671,0.04796666666666671
H3,A,E,86,0.6544,0.7257333333333333,0.07133333333333336,0.07133333333333336
H3,A,E,87,0.5418,0.5576,0.015800000000000036,0.015800000000000036
H3,A,E,88,0.44356666666666666,0.46670000000000006,0.023133333333333395,0.023133333333333395
H3,A,E,89,0.4050666666666667,0.42156666666666665,0.01649999999999996,0.01649999999999996
H3,A,E,90,0.44156666666666666,0.45913333333333334,0.017566666666666675,0.017566666666666675
H3,A,E,91,0.44239999999999996,0.4597333333333333,0.017333333333333367,0.017333333333333367
H3,A,E,92,0.3937333333333333,0.4124333333333334,0.01870000000000005,0.01870000000000005
H3,A,E,93,0.3676,0.37266666666666665,0.005066666666666664,0.005066666666666664
H3,A,E,94,0.40556666666666663,0.40103333333333335,-0.004533333333333278,0.004533333333333278
H3,A,E,95,0.4418333333333333,0.4192333333333333,-0.02260000000000001,0.02260000000000001
H3,A,E,96,0.4164999999999999,0.40653333333333336,-0.009966666666666568,0.009966666666666568
H3,A,E,97,0.4137,0.3891,-0.02460000000000001,0.02460000000000001
H3,A,E,98,0.4716,0.4227666666666667,-0.04883333333333334,0.04883333333333334
H3,A,E,99,0.4468666666666667,0.4378666666666666,-0.009000000000000064,0.009000000000000064
H3,A,E,100,0.40630000000000005,0.418,0.011699999999999933,0.011699999999999933
H3,A,E,101,0.3753666666666667,0.39353333333333335,0.018166666666666664,0.018166666666666664
H3,A,E,102,0.4321333333333333,0.4622333333333333,0.03009999999999996,0.03009999999999996
H3,A,E,103,0.3712,0.41406666666666664,0.042866666666666664,0.042866666666666664
H3,A,E,104,0.3456666666666666,0.38633333333333336,0.04066666666666674,0.04066666666666674
H3,A,E,105,0.3963666666666667,0.444,0.047633333333333305,0.047633333333333305
H3,A,E,106,0.37966666666666665,0.4437333333333333,0.06406666666666666,0.06406666666666666
H3,A,E,107,0.34736666666666666,0.40376666666666666,0.056400000000000006,0.056400000000000006
H3,A,E,108,0.3620333333333334,0.41559999999999997,0.053566666666666596,0.053566666666666596
H3,A,E,109,0.41486666666666666,0.4810666666666667,0.06620000000000004,0.06620000000000004
H3,A,E,110,0.3968666666666667,0.4849333333333334,0.08806666666666668,0.08806666666666668
H3,A,E,111,0.3987,0.4889666666666666,0.0902666666666666,0.0902666666666666
H3,A,E,112,0.44356666666666666,0.5209666666666667,0.07740000000000002,0.07740000000000002
H3,A,E,113,0.49143333333333333,0.5834,0.0919666666666667,0.0919666666666667
H3,A,E,114,0.5471,0.6411666666666667,0.09406666666666663,0.09406666666666663
H3,A,E,115,0.592,0.6579666666666667,0.06596666666666673,0.06596666666666673
H3,A,E,116,0.46836666666666665,0.5625,0.09413333333333335,0.09413333333333335
H3,A,E,117,0.5145333333333334,0.5747,0.06016666666666659,0.06016666666666659
H3,A,E,118,0.4103666666666667,0.4795666666666667,0.06919999999999998,0.06919999999999998
H3,A,E,119,0.37043333333333334,0.44123333333333337,0.07080000000000003,0.07080000000000003
H3,A,E,120,0.44473333333333337,0.5337666666666666,0.08903333333333324,0.08903333333333324
H3,A,E,121,0.4998666666666667,0.5872333333333333,0.08736666666666659,0.08736666666666659
H3,A,E,122,0.49363333333333337,0.5834666666666667,0.08983333333333332,0.08983333333333332
H3,A,E,123,0.3901333333333333,0.4918666666666667,0.1017333333333334,0.1017333333333334
H3,A,E,124,0.4463,0.5520333333333333,0.10573333333333329,0.10573333333333329
H3,A,E,125,0.5423,0.6210666666666667,0.07876666666666665,0.07876666666666665
H3,A,E,126,0.4815333333333333,0.5653333333333332,0.08379999999999993,0.08379999999999993
H3,A,E,127,0.47270000000000006,0.5936333333333333,0.12093333333333328,0.12093333333333328
H3,A,E,128,0.543,0.6446666666666666,0.10166666666666657,0.10166666666666657
H3,A,E,129,0.6105999999999999,0.7038666666666668,0.09326666666666683,0.09326666666666683
H3,A,E,130,0.6419,0.7401666666666668,0.09826666666666672,0.09826666666666672
H3,A,E,131,0.7540333333333334,0.8207,0.06666666666666654,0.06666666666666654
H3,A,E,132,0.9503666666666667,1.1846333333333334,0.23426666666666673,0.23426666666666673
H3,A,E,133,1.5190000000000001,2.074866666666667,0.5558666666666667,0.5558666666666667
H3,A,E,134,2.3647,2.9372333333333334,0.5725333333333333,0.5725333333333333
